,icont,frequency,vc,vb,mode,corner,temperature,bias_current
0,2.5e-05,5e-07,0.910382,0.683092,C-coupled,ss,27.0,2.5e-05
1,0.000125,3068860.0,1.39256,0.525027,full-RC,tt,75.0,0.000125
2,0.00025,4268470.0,1.70237,0.37636,C-decoupled,tt,27.0,0.00025
3,0.0001,2993890.0,1.24807,0.501567,full-RC,tt,27.0,0.0001
4,0.000225,3791660.0,1.6461,0.371255,full-RC,sf,50.0,0.000225
5,0.00015,3265590.0,1.48837,0.557393,C-decoupled,ff,100.0,0.00015
6,2.5e-05,362246.0,0.915048,0.852316,full-RC,fs,75.0,2.5e-05
7,5e-05,1869740.0,1.01746,0.629314,schematic,sf,75.0,5e-05
8,0.000225,3836920.0,1.75856,0.428435,schematic,sf,100.0,0.000225
9,0.00015,3264930.0,1.52177,0.469224,full-RC,ss,75.0,0.00015
10,7.5e-05,2455670.0,1.19546,0.644551,C-decoupled,fs,50.0,7.5e-05
11,0.00025,4152080.0,1.70237,0.37636,C-coupled,tt,27.0,0.00025
12,0.0002,3844300.0,1.65716,0.457582,schematic,tt,75.0,0.0002
13,0.0002,3862920.0,1.61976,0.484361,schematic,ff,75.0,0.0002
14,0.00015,3364830.0,1.48459,0.439186,C-coupled,ss,50.0,0.00015
15,7.5e-05,2268210.0,1.1613,0.592819,full-RC,sf,100.0,7.5e-05
16,0.000175,3579050.0,1.58185,0.533518,schematic,ff,100.0,0.000175
17,0.000175,3618060.0,1.56794,0.491932,C-coupled,fs,50.0,0.000175
18,2.5e-05,826569.0,0.911683,0.640982,schematic,ss,0.0,2.5e-05
19,0.000225,3847940.0,1.72321,0.39051,full-RC,ss,50.0,0.000225
20,0.0001,2648740.0,1.31501,0.596391,C-coupled,tt,100.0,0.0001
21,0.000125,3366720.0,1.33686,0.464975,C-coupled,tt,27.0,0.000125
22,0.00015,4039790.0,1.34995,0.358484,schematic,sf,0.0,0.00015
23,0.0002,3623980.0,1.61849,0.484324,C-coupled,ff,75.0,0.0002
24,0.00025,4477230.0,1.68031,0.387879,full-RC,fs,0.0,0.00025
25,0.0002,4794510.0,1.5076,0.386321,schematic,fs,-25.0,0.0002
26,0.0001,3121610.0,1.24807,0.501567,C-decoupled,tt,27.0,0.0001
27,0.000225,5e-07,1.6188,0.335168,C-coupled,ss,0.0,0.000225
28,7.5e-05,3050870.0,1.08857,0.423463,schematic,sf,-25.0,7.5e-05
29,0.000125,3426030.0,1.33118,0.442346,schematic,sf,50.0,0.000125
30,0.0002,3542400.0,1.62035,0.412911,C-coupled,sf,75.0,0.0002
31,2.5e-05,460349.0,0.917189,0.776378,schematic,fs,27.0,2.5e-05
32,0.000125,3120290.0,1.39256,0.525027,C-decoupled,tt,75.0,0.000125
33,2.5e-05,391025.0,0.917062,0.812682,C-coupled,fs,50.0,2.5e-05
34,0.0002,3555130.0,1.74606,0.532325,C-decoupled,fs,100.0,0.0002
35,0.0001,2707570.0,1.32479,0.620238,full-RC,fs,75.0,0.0001
36,0.0001,2860590.0,1.25744,0.507996,C-decoupled,sf,75.0,0.0001
37,2.5e-05,726148.0,0.857243,0.651357,C-decoupled,sf,27.0,2.5e-05
38,0.0002,3947330.0,1.53116,0.357586,C-decoupled,sf,27.0,0.0002
39,0.000125,3098120.0,1.42597,0.495519,C-decoupled,ss,75.0,0.000125
40,0.000225,5e-07,1.61752,0.335132,schematic,ss,0.0,0.000225
41,0.000125,3026860.0,1.42723,0.57728,C-coupled,fs,75.0,0.000125
42,0.0002,3818680.0,1.60376,0.377507,full-RC,ss,27.0,0.0002
43,0.0001,3243380.0,1.21712,0.445759,schematic,sf,27.0,0.0001
44,2.5e-05,696958.0,0.907426,0.71926,schematic,ss,50.0,2.5e-05
45,0.00025,5e-07,1.58908,0.319092,schematic,tt,-25.0,0.00025
46,0.0002,3807310.0,1.62265,0.412977,schematic,sf,75.0,0.0002
47,0.000125,3253780.0,1.39743,0.546038,C-decoupled,fs,50.0,0.000125
48,0.0002,3696250.0,1.70844,0.487054,schematic,tt,100.0,0.0002
49,0.0001,3264650.0,1.25302,0.43663,C-decoupled,ss,0.0,0.0001
50,0.000225,3614050.0,1.79427,0.472066,C-decoupled,tt,100.0,0.000225
51,0.000225,5e-07,1.56667,0.372037,schematic,fs,-25.0,0.000225
52,0.00025,3759170.0,1.77493,0.388519,full-RC,sf,75.0,0.00025
53,5e-05,1956190.0,1.01967,0.547798,full-RC,tt,-25.0,5e-05
54,2.5e-05,450178.0,0.921787,0.734067,C-coupled,fs,0.0,2.5e-05
55,0.000125,3604180.0,1.36876,0.517529,schematic,fs,27.0,0.000125
56,5e-05,1673590.0,1.06566,0.683127,full-RC,fs,27.0,5e-05
57,0.00025,3908240.0,1.77084,0.455787,C-coupled,ff,75.0,0.00025
58,0.000175,3791970.0,1.53041,0.464524,C-coupled,fs,27.0,0.000175
59,0.000125,3311870.0,1.37091,0.517563,full-RC,fs,27.0,0.000125
60,0.0002,4558300.0,1.50983,0.386377,C-decoupled,fs,-25.0,0.0002
61,0.000175,3951180.0,1.45221,0.386339,C-coupled,tt,0.0,0.000175
62,0.00025,4341430.0,1.79023,0.444593,schematic,fs,50.0,0.00025
63,5e-05,1890260.0,1.02653,0.583055,full-RC,tt,0.0,5e-05
64,5e-05,1818300.0,0.99612,0.580577,C-coupled,ff,-25.0,5e-05
65,0.0001,3163490.0,1.22467,0.467312,C-coupled,tt,0.0,0.0001
66,0.000125,3719810.0,1.27531,0.380811,schematic,sf,0.0,0.000125
67,0.0001,2783330.0,1.32479,0.620238,C-coupled,fs,75.0,0.0001
68,5e-05,1968800.0,1.05891,0.588632,C-decoupled,ss,27.0,5e-05
69,0.0002,3902940.0,1.56709,0.401473,C-coupled,tt,27.0,0.0002
70,0.000225,3996880.0,1.69744,0.468901,schematic,ff,75.0,0.000225
71,5e-05,1530830.0,1.02162,0.725722,C-coupled,ff,75.0,5e-05
72,0.0001,3143740.0,1.19194,0.411398,C-coupled,sf,0.0,0.0001
73,0.000125,3313290.0,1.36811,0.43648,full-RC,ss,27.0,0.000125
74,0.00015,3525360.0,1.48548,0.515391,C-decoupled,fs,50.0,0.00015
75,0.00015,3371870.0,1.48459,0.439186,full-RC,ss,50.0,0.00015
76,2.5e-05,430213.0,0.915104,0.812672,schematic,fs,50.0,2.5e-05
77,0.000225,3869780.0,1.6461,0.371255,C-coupled,sf,50.0,0.000225
78,0.0002,3786700.0,1.64608,0.473174,full-RC,fs,50.0,0.0002
79,0.000175,5e-07,1.41318,0.357603,full-RC,tt,-25.0,0.000175
80,5e-05,2050170.0,0.9884,0.484844,full-RC,sf,-25.0,5e-05
81,0.00015,3493900.0,1.45033,0.466279,C-decoupled,tt,50.0,0.00015
82,2.5e-05,598790.0,0.906719,0.758838,C-decoupled,ss,75.0,2.5e-05
83,0.000125,3152920.0,1.39138,0.505254,schematic,sf,100.0,0.000125
84,0.00015,4011640.0,1.38233,0.425712,C-coupled,fs,-25.0,0.00015
85,5e-05,1961350.0,1.01967,0.547798,C-coupled,tt,-25.0,5e-05
86,0.000225,4216810.0,1.58214,0.357411,full-RC,tt,0.0,0.000225
87,0.000225,4030310.0,1.77236,0.486775,schematic,fs,75.0,0.000225
88,0.000125,3119290.0,1.45667,0.608642,schematic,fs,100.0,0.000125
89,0.000225,4005720.0,1.64434,0.439418,C-decoupled,ff,50.0,0.000225
90,0.0002,3660000.0,1.64743,0.403648,full-RC,ss,50.0,0.0002
91,0.00025,3670160.0,1.87701,0.459398,C-coupled,tt,100.0,0.00025
92,0.000175,3393970.0,1.61162,0.448837,full-RC,ss,75.0,0.000175
93,0.0002,5e-07,1.5081,0.319935,C-coupled,ss,-25.0,0.0002
94,5e-05,1641540.0,1.04734,0.69124,C-coupled,tt,75.0,5e-05
95,0.00015,3700530.0,1.48326,0.515342,schematic,fs,50.0,0.00015
96,7.5e-05,2780220.0,1.13317,0.51736,C-decoupled,tt,0.0,7.5e-05
97,0.00015,4003770.0,1.31832,0.403911,C-coupled,ff,-25.0,0.00015
98,0.000225,4113540.0,1.59867,0.412522,C-coupled,ff,27.0,0.000225
99,0.000125,2941980.0,1.45853,0.526653,full-RC,ss,100.0,0.000125
100,0.00025,5e-07,1.60629,0.305757,C-coupled,sf,0.0,0.00025
101,0.0001,3172050.0,1.19683,0.500216,C-coupled,ff,0.0,0.0001
102,0.0002,3872470.0,1.64608,0.473174,C-decoupled,fs,50.0,0.0002
103,0.000175,4179300.0,1.41964,0.341186,schematic,sf,0.0,0.000175
104,0.000175,4612050.0,1.44568,0.403731,schematic,fs,-25.0,0.000175
105,5e-05,1660270.0,1.00922,0.655429,C-coupled,ff,27.0,5e-05
106,0.0001,2742120.0,1.28119,0.540842,C-decoupled,sf,100.0,0.0001
107,5e-05,1714500.0,1.08175,0.693745,C-decoupled,ss,100.0,5e-05
108,0.000125,3257560.0,1.36109,0.556487,schematic,ff,75.0,0.000125
109,2.5e-05,5e-07,0.893509,0.632647,C-coupled,tt,-25.0,2.5e-05
110,0.000125,3166100.0,1.3582,0.473652,C-decoupled,sf,75.0,0.000125
111,0.000225,4388170.0,1.59994,0.412558,schematic,ff,27.0,0.000225
112,0.0001,3403570.0,1.25559,0.524865,schematic,fs,0.0,0.0001
113,2.5e-05,5e-07,0.866105,0.746366,full-RC,ff,27.0,2.5e-05
114,5e-05,1872900.0,1.05115,0.609812,C-decoupled,fs,-25.0,5e-05
115,0.000125,3268860.0,1.36308,0.493608,C-decoupled,tt,50.0,0.000125
116,0.000125,3314440.0,1.30312,0.41378,full-RC,sf,27.0,0.000125
117,0.00015,3912300.0,1.37891,0.35158,full-RC,ss,-25.0,0.00015
118,0.00025,3896920.0,1.71641,0.36051,C-coupled,sf,50.0,0.00025
119,0.0002,5e-07,1.4745,0.342333,schematic,tt,-25.0,0.0002
120,7.5e-05,2284380.0,1.22388,0.618065,full-RC,ss,100.0,7.5e-05
121,0.0001,2816650.0,1.25744,0.507996,full-RC,sf,75.0,0.0001
122,7.5e-05,2567950.0,1.13635,0.619468,schematic,ff,50.0,7.5e-05
123,5e-05,1719400.0,1.00922,0.655429,C-decoupled,ff,27.0,5e-05
124,7.5e-05,2497210.0,1.18158,0.613798,full-RC,fs,27.0,7.5e-05
125,2.5e-05,743745.0,0.912764,0.640987,full-RC,ss,0.0,2.5e-05
126,0.00025,5e-07,1.68133,0.324895,full-RC,ss,0.0,0.00025
127,0.000175,3507350.0,1.53724,0.503011,full-RC,ff,75.0,0.000175
128,0.000225,3720030.0,1.69912,0.399709,C-decoupled,sf,75.0,0.000225
129,0.000175,3905300.0,1.46078,0.4448,C-decoupled,ff,27.0,0.000175
130,0.000175,3357520.0,1.58243,0.458605,C-decoupled,sf,100.0,0.000175
131,5e-05,1798300.0,1.05115,0.609812,C-coupled,fs,-25.0,5e-05
132,0.0001,2887740.0,1.2683,0.531158,C-coupled,tt,50.0,0.0001
133,2.5e-05,529280.0,0.885961,0.75084,C-decoupled,tt,50.0,2.5e-05
134,0.00015,3870690.0,1.35078,0.433937,C-decoupled,ff,0.0,0.00015
135,0.000175,3922600.0,1.53041,0.464524,C-decoupled,fs,27.0,0.000175
136,5e-05,1807430.0,1.00245,0.616357,C-decoupled,ff,0.0,5e-05
137,5e-05,1537250.0,1.07943,0.752132,full-RC,fs,75.0,5e-05
138,7.5e-05,2207030.0,1.16519,0.688573,full-RC,ff,100.0,7.5e-05
139,0.00015,3331400.0,1.41553,0.418046,C-coupled,sf,50.0,0.00015
140,7.5e-05,2664990.0,1.17634,0.519795,C-decoupled,ss,27.0,7.5e-05
141,0.000125,2997660.0,1.42597,0.495519,C-coupled,ss,75.0,0.000125
142,0.0002,3827560.0,1.60376,0.377507,C-coupled,ss,27.0,0.0002
143,0.0002,5e-07,1.43956,0.299602,full-RC,sf,-25.0,0.0002
144,0.000225,5e-07,1.53296,0.329731,C-coupled,tt,-25.0,0.000225
145,0.000225,3683370.0,1.75181,0.498339,C-decoupled,ff,100.0,0.000225
146,0.0002,3399220.0,1.74992,0.461327,full-RC,ss,100.0,0.0002
147,0.0001,3418800.0,1.17608,0.468564,C-decoupled,ff,-25.0,0.0001
148,2.5e-05,583704.0,0.904193,0.798593,schematic,ss,100.0,2.5e-05
149,7.5e-05,2924210.0,1.14419,0.452241,C-decoupled,ss,-25.0,7.5e-05
150,0.000225,3780370.0,1.73673,0.443067,full-RC,tt,75.0,0.000225
151,0.000125,3125270.0,1.4573,0.526626,schematic,ss,100.0,0.000125
152,0.000175,3855040.0,1.49484,0.41792,C-decoupled,tt,27.0,0.000175
153,0.0001,2651460.0,1.31501,0.596391,full-RC,tt,100.0,0.0001
154,0.00025,5e-07,1.64308,0.346351,full-RC,tt,0.0,0.00025
155,0.0001,2892370.0,1.2985,0.499461,C-coupled,ss,50.0,0.0001
156,0.00015,3455080.0,1.52052,0.469193,schematic,ss,75.0,0.00015
157,0.000175,3996040.0,1.48732,0.432738,C-coupled,fs,0.0,0.000175
158,0.0001,3115790.0,1.23712,0.475429,schematic,sf,50.0,0.0001
159,0.0001,3153230.0,1.22467,0.467312,full-RC,tt,0.0,0.0001
160,0.0002,4149940.0,1.48329,0.327176,C-decoupled,sf,0.0,0.0002
161,0.000175,3476880.0,1.53797,0.428796,C-coupled,sf,75.0,0.000175
162,0.000225,4126780.0,1.67315,0.431095,full-RC,fs,27.0,0.000225
163,7.5e-05,2273900.0,1.19425,0.65284,full-RC,tt,100.0,7.5e-05
164,0.00015,4343540.0,1.38018,0.425672,schematic,fs,-25.0,0.00015
165,0.000175,3432690.0,1.53797,0.428796,full-RC,sf,75.0,0.000175
166,0.0002,4179940.0,1.56709,0.401473,schematic,tt,27.0,0.0002
167,0.000175,3881990.0,1.41747,0.341139,C-coupled,sf,0.0,0.000175
168,0.000125,3812740.0,1.27827,0.46193,schematic,ff,0.0,0.000125
169,7.5e-05,2181430.0,1.22744,0.712311,C-coupled,fs,100.0,7.5e-05
170,0.0002,4447730.0,1.50983,0.386377,full-RC,fs,-25.0,0.0002
171,2.5e-05,773098.0,0.912764,0.640987,C-decoupled,ss,0.0,2.5e-05
172,0.0001,2813460.0,1.28465,0.630833,schematic,ff,100.0,0.0001
173,0.000225,3957040.0,1.5994,0.345404,full-RC,sf,27.0,0.000225
174,0.000175,3654870.0,1.45965,0.372251,C-coupled,sf,27.0,0.000175
175,0.000125,2944970.0,1.39004,0.588405,full-RC,ff,100.0,0.000125
176,0.000175,4064520.0,1.44531,0.334022,C-coupled,ss,-25.0,0.000175
177,2.5e-05,467105.0,0.86917,0.703329,C-coupled,ff,0.0,2.5e-05
178,7.5e-05,2219090.0,1.16519,0.688573,C-coupled,ff,100.0,7.5e-05
179,2.5e-05,411908.0,0.863668,0.783243,C-decoupled,ff,50.0,2.5e-05
180,0.00015,3605630.0,1.45331,0.487492,full-RC,fs,27.0,0.00015
181,0.00025,4197360.0,1.66334,0.400185,C-coupled,ff,27.0,0.00025
182,0.000175,3696950.0,1.60802,0.521887,schematic,fs,75.0,0.000175
183,7.5e-05,2174390.0,1.22744,0.712311,full-RC,fs,100.0,7.5e-05
184,5e-05,1745690.0,1.07348,0.657444,full-RC,ss,75.0,5e-05
185,0.000175,3433100.0,1.58058,0.533483,C-decoupled,ff,100.0,0.000175
186,0.000225,3884370.0,1.72321,0.39051,C-decoupled,ss,50.0,0.000225
187,0.00025,3976170.0,1.77084,0.455787,C-decoupled,ff,75.0,0.00025
188,7.5e-05,2543270.0,1.14905,0.553327,full-RC,tt,27.0,7.5e-05
189,5e-05,2039030.0,1.00429,0.559159,schematic,sf,27.0,5e-05
190,7.5e-05,2338270.0,1.22388,0.618065,C-decoupled,ss,100.0,7.5e-05
191,0.000125,3380050.0,1.37091,0.517563,C-coupled,fs,27.0,0.000125
192,2.5e-05,5e-07,0.861262,0.823483,C-coupled,ff,75.0,2.5e-05
193,0.00015,3595650.0,1.38614,0.46686,full-RC,ff,27.0,0.00015
194,0.000225,3591480.0,1.83275,0.516049,C-coupled,fs,100.0,0.000225
195,0.0002,3513650.0,1.74606,0.532325,C-coupled,fs,100.0,0.0002
196,7.5e-05,2659570.0,1.11675,0.492577,C-decoupled,sf,27.0,7.5e-05
197,0.000225,3948120.0,1.64434,0.439418,C-coupled,ff,50.0,0.000225
198,0.000125,3157570.0,1.32905,0.442308,full-RC,sf,50.0,0.000125
199,0.0001,3317450.0,1.17608,0.468564,C-coupled,ff,-25.0,0.0001
200,0.0002,4047790.0,1.60933,0.428227,schematic,tt,50.0,0.0002
201,0.0001,3400020.0,1.1706,0.380166,C-decoupled,sf,-25.0,0.0001
202,7.5e-05,2559450.0,1.12221,0.58803,C-decoupled,ff,27.0,7.5e-05
203,0.000175,3518360.0,1.53797,0.428796,C-decoupled,sf,75.0,0.000175
204,0.00025,4073580.0,1.71366,0.426726,full-RC,ff,50.0,0.00025
205,0.00015,3851660.0,1.41368,0.38027,C-decoupled,ss,0.0,0.00015
206,0.000225,3862430.0,1.68323,0.414182,full-RC,tt,50.0,0.000225
207,0.000175,3561170.0,1.61883,0.505146,schematic,tt,100.0,0.000175
208,0.0001,2958630.0,1.29098,0.563656,schematic,tt,75.0,0.0001
209,0.00015,3495210.0,1.4516,0.411859,C-coupled,ss,27.0,0.00015
210,0.000125,2961350.0,1.39004,0.588405,C-coupled,ff,100.0,0.000125
211,0.0002,3594090.0,1.62035,0.412911,C-decoupled,sf,75.0,0.0002
212,0.00025,4015090.0,1.74253,0.354091,full-RC,ss,27.0,0.00025
213,5e-05,1976530.0,0.995119,0.520308,full-RC,sf,0.0,5e-05
214,2.5e-05,603320.0,0.890855,0.67171,full-RC,tt,0.0,2.5e-05
215,0.0001,3558520.0,1.17721,0.468573,schematic,ff,-25.0,0.0001
216,0.000125,3422260.0,1.39526,0.546001,schematic,fs,50.0,0.000125
217,7.5e-05,2236750.0,1.19425,0.65284,C-coupled,tt,100.0,7.5e-05
218,7.5e-05,2686440.0,1.13227,0.523847,schematic,sf,50.0,7.5e-05
219,0.000225,3668310.0,1.75181,0.498339,C-coupled,ff,100.0,0.000225
220,5e-05,1845740.0,1.03388,0.621637,C-decoupled,tt,27.0,5e-05
221,0.000175,3468330.0,1.61031,0.521951,full-RC,fs,75.0,0.000175
222,0.000175,3855930.0,1.49864,0.399237,schematic,sf,50.0,0.000175
223,5e-05,1670040.0,1.08175,0.693745,full-RC,ss,100.0,5e-05
224,0.000125,3917290.0,1.24778,0.350805,schematic,sf,-25.0,0.000125
225,2.5e-05,563462.0,0.885961,0.75084,schematic,tt,50.0,2.5e-05
226,0.00015,3832810.0,1.3146,0.329413,C-coupled,sf,-25.0,0.00015
227,0.000175,4090450.0,1.52816,0.464468,schematic,fs,27.0,0.000175
228,0.000175,3632320.0,1.49642,0.399183,C-decoupled,sf,50.0,0.000175
229,0.00025,5e-07,1.55355,0.341356,C-coupled,ff,-25.0,0.00025
230,0.000175,3882110.0,1.49793,0.472623,schematic,ff,50.0,0.000175
231,0.000225,4353210.0,1.63606,0.387864,schematic,tt,27.0,0.000225
232,7.5e-05,2354230.0,1.14977,0.653907,C-decoupled,ff,75.0,7.5e-05
233,2.5e-05,369886.0,0.860299,0.863817,schematic,ff,100.0,2.5e-05
234,0.000225,4347680.0,1.61867,0.400226,full-RC,fs,0.0,0.000225
235,7.5e-05,2607970.0,1.14737,0.55819,schematic,sf,75.0,7.5e-05
236,2.5e-05,391095.0,0.917062,0.812682,full-RC,fs,50.0,2.5e-05
237,7.5e-05,2406630.0,1.19546,0.644551,full-RC,fs,50.0,7.5e-05
238,2.5e-05,550417.0,0.888123,0.714297,full-RC,tt,27.0,2.5e-05
239,0.000175,3603200.0,1.49669,0.472593,C-coupled,ff,50.0,0.000175
240,0.0001,2747920.0,1.26044,0.597766,C-coupled,ff,75.0,0.0001
241,0.000125,3152110.0,1.39535,0.464605,full-RC,ss,50.0,0.000125
242,2.5e-05,338256.0,0.859212,0.863811,full-RC,ff,100.0,2.5e-05
243,0.000175,4243990.0,1.44787,0.40378,full-RC,fs,-25.0,0.000175
244,5e-05,1616980.0,1.01505,0.689001,C-coupled,ff,50.0,5e-05
245,0.000175,4056590.0,1.462,0.444828,schematic,ff,27.0,0.000175
246,0.00015,3272130.0,1.45103,0.44843,C-coupled,sf,75.0,0.00015
247,0.000175,3478460.0,1.65678,0.478316,schematic,ss,100.0,0.000175
248,7.5e-05,2582300.0,1.11675,0.492577,C-coupled,sf,27.0,7.5e-05
249,0.00025,3734340.0,1.91634,0.50233,C-decoupled,fs,100.0,0.00025
250,0.0002,3838260.0,1.53116,0.357586,full-RC,sf,27.0,0.0002
251,0.00015,3427890.0,1.48548,0.515391,C-coupled,fs,50.0,0.00015
252,7.5e-05,2385860.0,1.13522,0.61946,C-coupled,ff,50.0,7.5e-05
253,0.00015,3620010.0,1.4516,0.411859,C-decoupled,ss,27.0,0.00015
254,0.0002,3745220.0,1.69435,0.502722,C-decoupled,fs,75.0,0.0002
255,7.5e-05,2751850.0,1.15055,0.545652,full-RC,fs,-25.0,7.5e-05
256,2.5e-05,472454.0,0.882104,0.830834,schematic,tt,100.0,2.5e-05
257,0.00015,4111360.0,1.38233,0.425712,C-decoupled,fs,-25.0,0.00015
258,0.000175,3888060.0,1.56567,0.491872,schematic,fs,50.0,0.000175
259,0.0001,3020570.0,1.2774,0.470319,full-RC,ss,27.0,0.0001
260,5e-05,1881350.0,1.00231,0.559147,full-RC,sf,27.0,5e-05
261,0.0002,5e-07,1.50686,0.319904,schematic,ss,-25.0,0.0002
262,2.5e-05,5e-07,0.908513,0.719266,C-coupled,ss,50.0,2.5e-05
263,0.000175,3326160.0,1.65807,0.478355,C-decoupled,ss,100.0,0.000175
264,0.000175,4228050.0,1.37887,0.312903,C-decoupled,sf,-25.0,0.000175
265,0.00025,5e-07,1.55288,0.279222,C-coupled,sf,-25.0,0.00025
266,5e-05,1753530.0,1.00245,0.616357,C-coupled,ff,0.0,5e-05
267,0.0002,5e-07,1.5081,0.319935,C-decoupled,ss,-25.0,0.0002
268,0.00025,4543330.0,1.60589,0.369402,C-decoupled,ff,0.0,0.00025
269,5e-05,1643670.0,1.01505,0.689001,C-decoupled,ff,50.0,5e-05
270,0.00025,3618320.0,1.83808,0.416727,full-RC,sf,100.0,0.00025
271,2.5e-05,530379.0,0.905287,0.798599,C-coupled,ss,100.0,2.5e-05
272,0.000225,3522380.0,1.83796,0.447218,C-coupled,ss,100.0,0.000225
273,0.0002,3519960.0,1.70844,0.487054,C-decoupled,tt,100.0,0.0002
274,2.5e-05,349162.0,0.9134,0.892069,C-decoupled,fs,100.0,2.5e-05
275,0.0002,3880250.0,1.56709,0.401473,full-RC,tt,27.0,0.0002
276,0.000225,3776690.0,1.8366,0.44717,schematic,ss,100.0,0.000225
277,0.000225,4177320.0,1.68323,0.414182,schematic,tt,50.0,0.000225
278,7.5e-05,2638210.0,1.16273,0.584371,schematic,tt,50.0,7.5e-05
279,7.5e-05,2340750.0,1.1613,0.592819,C-decoupled,sf,100.0,7.5e-05
280,0.000175,3963300.0,1.45221,0.386339,full-RC,tt,0.0,0.000175
281,5e-05,1746220.0,1.00245,0.616357,full-RC,ff,0.0,5e-05
282,0.0001,3607820.0,1.20306,0.436154,schematic,tt,-25.0,0.0001
283,2.5e-05,429073.0,0.882104,0.830834,C-coupled,tt,100.0,2.5e-05
284,0.000175,3336980.0,1.65558,0.552043,full-RC,fs,100.0,0.000175
285,0.0002,4470590.0,1.48575,0.395458,schematic,ff,0.0,0.0002
286,5e-05,2128550.0,0.9884,0.484844,C-decoupled,sf,-25.0,5e-05
287,0.000225,4101620.0,1.67449,0.364819,C-decoupled,ss,27.0,0.000225
288,0.000125,3165450.0,1.33152,0.524651,C-coupled,ff,50.0,0.000125
289,0.000125,3548830.0,1.36692,0.436458,schematic,ss,27.0,0.000125
290,0.0001,2886310.0,1.23504,0.475401,full-RC,sf,50.0,0.0001
291,0.00015,3355760.0,1.4896,0.557422,schematic,ff,100.0,0.00015
292,0.000175,3448680.0,1.57396,0.475106,C-coupled,tt,75.0,0.000175
293,0.0002,3745370.0,1.60933,0.428227,C-coupled,tt,50.0,0.0002
294,2.5e-05,840478.0,0.862795,0.569252,C-coupled,sf,-25.0,2.5e-05
295,0.000225,4050980.0,1.63606,0.387864,full-RC,tt,27.0,0.000225
296,0.0001,2672750.0,1.28119,0.540842,C-coupled,sf,100.0,0.0001
297,0.00025,3826370.0,1.81336,0.430795,full-RC,tt,75.0,0.00025
298,0.000125,2914500.0,1.45853,0.526653,C-coupled,ss,100.0,0.000125
299,0.0001,2737330.0,1.26044,0.597766,full-RC,ff,75.0,0.0001
300,0.000175,3818390.0,1.56693,0.419472,schematic,ss,50.0,0.000175
301,0.000175,5e-07,1.38179,0.383105,C-decoupled,ff,-25.0,0.000175
302,5e-05,1731770.0,1.02295,0.66626,C-decoupled,sf,100.0,5e-05
303,5e-05,1962260.0,0.995119,0.520308,C-coupled,sf,0.0,5e-05
304,0.000225,4227970.0,1.6188,0.335168,C-decoupled,ss,0.0,0.000225
305,7.5e-05,2704970.0,1.16548,0.578146,C-decoupled,fs,0.0,7.5e-05
306,0.00025,3932620.0,1.81336,0.430795,C-decoupled,tt,75.0,0.00025
307,0.0001,3395120.0,1.23581,0.494078,C-decoupled,fs,-25.0,0.0001
308,0.00025,4345660.0,1.66334,0.400185,C-decoupled,ff,27.0,0.00025
309,0.00025,4012330.0,1.71366,0.426726,C-coupled,ff,50.0,0.00025
310,0.000225,4339670.0,1.54644,0.381315,full-RC,ff,0.0,0.000225
311,0.000125,3690660.0,1.27878,0.401632,C-coupled,tt,-25.0,0.000125
312,0.00025,3852430.0,1.85221,0.473483,C-coupled,fs,75.0,0.00025
313,7.5e-05,2760570.0,1.15965,0.484406,full-RC,ss,0.0,7.5e-05
314,0.000225,3723320.0,1.73673,0.443067,C-coupled,tt,75.0,0.000225
315,0.00025,4175040.0,1.74253,0.354091,C-decoupled,ss,27.0,0.00025
316,5e-05,2251500.0,1.04244,0.515888,schematic,ss,-25.0,5e-05
317,5e-05,2116100.0,1.04354,0.515894,C-decoupled,ss,-25.0,5e-05
318,0.00015,3323720.0,1.45103,0.44843,C-decoupled,sf,75.0,0.00015
319,0.00015,3699210.0,1.41368,0.38027,C-coupled,ss,0.0,0.00015
320,0.00015,5e-07,1.34829,0.376691,schematic,tt,-25.0,0.00015
321,5e-05,1777560.0,1.04022,0.654848,C-decoupled,tt,50.0,5e-05
322,2.5e-05,896595.0,0.914006,0.602413,schematic,ss,-25.0,2.5e-05
323,0.0001,2812260.0,1.26044,0.597766,C-decoupled,ff,75.0,0.0001
324,0.0001,2622770.0,1.28348,0.630819,full-RC,ff,100.0,0.0001
325,0.00025,5e-07,1.55288,0.279222,C-decoupled,sf,-25.0,0.00025
326,0.00025,5071410.0,1.5548,0.34139,schematic,ff,-25.0,0.00025
327,0.0002,5e-07,1.43956,0.299602,C-decoupled,sf,-25.0,0.0002
328,0.0002,4166240.0,1.48452,0.395428,full-RC,ff,0.0,0.0002
329,2.5e-05,945415.0,0.864721,0.569262,schematic,sf,-25.0,2.5e-05
330,7.5e-05,2493130.0,1.19073,0.550398,full-RC,ss,50.0,7.5e-05
331,0.00015,3393540.0,1.41553,0.418046,full-RC,sf,50.0,0.00015
332,0.00015,3164240.0,1.56142,0.49946,full-RC,ss,100.0,0.00015
333,0.000175,3561910.0,1.65326,0.551975,schematic,fs,100.0,0.000175
334,0.0002,4045610.0,1.64614,0.40361,schematic,ss,50.0,0.0002
335,0.000225,4249390.0,1.60169,0.345467,schematic,sf,27.0,0.000225
336,7.5e-05,2833230.0,1.10823,0.551545,schematic,ff,0.0,7.5e-05
337,0.00025,5e-07,1.6256,0.298448,C-coupled,ss,-25.0,0.00025
338,7.5e-05,2302140.0,1.14977,0.653907,full-RC,ff,75.0,7.5e-05
339,0.000125,3178140.0,1.36308,0.493608,C-coupled,tt,50.0,0.000125
340,0.000225,4118000.0,1.63606,0.387864,C-coupled,tt,27.0,0.000225
341,0.00015,3988050.0,1.34829,0.376691,C-decoupled,tt,-25.0,0.00015
342,0.00015,3542290.0,1.38614,0.46686,C-coupled,ff,27.0,0.00015
343,5e-05,1945460.0,1.00231,0.559147,C-decoupled,sf,27.0,5e-05
344,0.000225,3973170.0,1.77716,0.418729,schematic,ss,75.0,0.000225
345,0.000175,3281320.0,1.58243,0.458605,C-coupled,sf,100.0,0.000175
346,7.5e-05,2393820.0,1.19546,0.644551,C-coupled,fs,50.0,7.5e-05
347,0.0001,2682510.0,1.34911,0.652658,C-decoupled,fs,100.0,0.0001
348,0.000225,5e-07,1.56895,0.3721,C-coupled,fs,-25.0,0.000225
349,0.000125,3057200.0,1.35989,0.556467,C-coupled,ff,75.0,0.000125
350,2.5e-05,5e-07,0.919143,0.776388,C-decoupled,fs,27.0,2.5e-05
351,0.00015,3760600.0,1.38188,0.406091,full-RC,tt,0.0,0.00015
352,0.0001,3221550.0,1.25302,0.43663,C-coupled,ss,0.0,0.0001
353,7.5e-05,2797810.0,1.11878,0.492593,schematic,sf,27.0,7.5e-05
354,0.000225,4443550.0,1.54644,0.381315,C-decoupled,ff,0.0,0.000225
355,0.000175,3865380.0,1.53199,0.44519,schematic,tt,50.0,0.000175
356,0.0002,3402740.0,1.6712,0.442085,C-coupled,sf,100.0,0.0002
357,0.00025,4070720.0,1.79265,0.444678,C-coupled,fs,50.0,0.00025
358,0.000125,3626540.0,1.34032,0.484592,C-decoupled,fs,0.0,0.000125
359,7.5e-05,2276080.0,1.21099,0.678301,full-RC,fs,75.0,7.5e-05
360,0.000175,3394190.0,1.61883,0.505146,C-decoupled,tt,100.0,0.000175
361,0.000125,3504030.0,1.30661,0.431811,full-RC,tt,0.0,0.000125
362,0.000125,3839680.0,1.31217,0.454619,C-decoupled,fs,-25.0,0.000125
363,0.000225,3764280.0,1.77476,0.486857,C-decoupled,fs,75.0,0.000225
364,7.5e-05,2253860.0,1.22744,0.712311,C-decoupled,fs,100.0,7.5e-05
365,0.00025,4200260.0,1.71878,0.360582,schematic,sf,50.0,0.00025
366,2.5e-05,397323.0,0.913084,0.852305,schematic,fs,75.0,2.5e-05
367,0.000225,4489210.0,1.56803,0.308289,C-decoupled,ss,-25.0,0.000225
368,0.0001,2990410.0,1.24807,0.501567,C-coupled,tt,27.0,0.0001
369,0.000225,3962940.0,1.73673,0.443067,schematic,tt,75.0,0.000225
370,5e-05,1476120.0,1.08726,0.788406,C-coupled,fs,100.0,5e-05
371,7.5e-05,2357870.0,1.16633,0.688582,schematic,ff,100.0,7.5e-05
372,0.000125,3547220.0,1.30523,0.413816,schematic,sf,27.0,0.000125
373,0.0001,2897300.0,1.30184,0.588064,C-coupled,fs,50.0,0.0001
374,0.00025,5e-07,1.62341,0.36003,schematic,fs,-25.0,0.00025
375,0.000225,4014820.0,1.5994,0.345404,C-decoupled,sf,27.0,0.000225
376,0.000125,3029760.0,1.45888,0.608683,C-decoupled,fs,100.0,0.000125
377,0.000125,3259960.0,1.42476,0.495493,schematic,ss,75.0,0.000125
378,7.5e-05,2302090.0,1.19425,0.65284,C-decoupled,tt,100.0,7.5e-05
379,0.000175,3724460.0,1.52975,0.392828,C-coupled,ss,27.0,0.000175
380,7.5e-05,2555340.0,1.13024,0.52383,C-decoupled,sf,50.0,7.5e-05
381,0.00025,4515350.0,1.66463,0.400224,schematic,ff,27.0,0.00025
382,5e-05,1735530.0,1.06566,0.683127,C-decoupled,fs,27.0,5e-05
383,0.000125,3065100.0,1.42597,0.495519,full-RC,ss,75.0,0.000125
384,0.000125,3502720.0,1.27711,0.461914,C-coupled,ff,0.0,0.000125
385,2.5e-05,5e-07,0.906719,0.758838,C-coupled,ss,75.0,2.5e-05
386,5e-05,1825240.0,1.06577,0.621437,C-coupled,ss,50.0,5e-05
387,0.00015,3288690.0,1.52172,0.545967,full-RC,fs,75.0,0.00015
388,0.00025,4159080.0,1.71366,0.426726,C-decoupled,ff,50.0,0.00025
389,0.0002,3709430.0,1.74369,0.532246,schematic,fs,100.0,0.0002
390,7.5e-05,2820160.0,1.1752,0.519786,schematic,ss,27.0,7.5e-05
391,0.000125,3049550.0,1.42723,0.57728,full-RC,fs,75.0,0.000125
392,7.5e-05,2532910.0,1.19073,0.550398,C-coupled,ss,50.0,7.5e-05
393,0.00025,3836590.0,1.84051,0.416811,schematic,sf,100.0,0.00025
394,2.5e-05,429120.0,0.882104,0.830834,full-RC,tt,100.0,2.5e-05
395,0.000175,4060970.0,1.37887,0.312903,C-coupled,sf,-25.0,0.000175
396,2.5e-05,715316.0,0.856941,0.688145,schematic,sf,50.0,2.5e-05
397,0.000175,3740830.0,1.49484,0.41792,full-RC,tt,27.0,0.000175
398,0.000175,3878750.0,1.48565,0.362003,full-RC,ss,0.0,0.000175
399,0.0002,3625350.0,1.69435,0.502722,full-RC,fs,75.0,0.0002
400,7.5e-05,2709940.0,1.17953,0.613785,schematic,fs,27.0,7.5e-05
401,0.0002,3474560.0,1.66808,0.514256,full-RC,ff,100.0,0.0002
402,0.00015,3281500.0,1.45148,0.526269,C-coupled,ff,75.0,0.00015
403,0.00015,3349870.0,1.52172,0.545967,C-decoupled,fs,75.0,0.00015
404,0.00025,5e-07,1.68133,0.324895,C-decoupled,ss,0.0,0.00025
405,2.5e-05,653494.0,0.908513,0.719266,C-decoupled,ss,50.0,2.5e-05
406,0.0001,2773660.0,1.25744,0.507996,C-coupled,sf,75.0,0.0001
407,0.0002,5e-07,1.43956,0.299602,C-coupled,sf,-25.0,0.0002
408,0.000225,3861740.0,1.6461,0.371255,C-decoupled,sf,50.0,0.000225
409,7.5e-05,2730040.0,1.14905,0.553327,schematic,tt,27.0,7.5e-05
410,0.000225,5e-07,1.58214,0.357411,C-coupled,tt,0.0,0.000225
411,0.000225,4200060.0,1.7184,0.457634,schematic,fs,50.0,0.000225
412,0.00015,3115850.0,1.56142,0.49946,C-coupled,ss,100.0,0.00015
413,0.00025,4148800.0,1.77217,0.455833,schematic,ff,75.0,0.00025
414,0.000175,3963690.0,1.41747,0.341139,C-decoupled,sf,0.0,0.000175
415,5e-05,1991440.0,1.05096,0.550591,C-coupled,ss,0.0,5e-05
416,0.0002,5e-07,1.44171,0.366522,full-RC,ff,-25.0,0.0002
417,7.5e-05,3105180.0,1.14307,0.452233,schematic,ss,-25.0,7.5e-05
418,7.5e-05,2478130.0,1.15091,0.653915,schematic,ff,75.0,7.5e-05
419,0.00025,4031410.0,1.75432,0.402307,C-coupled,tt,50.0,0.00025
420,0.000175,3620240.0,1.56819,0.419506,C-decoupled,ss,50.0,0.000175
421,0.0002,4434600.0,1.5187,0.370501,schematic,tt,0.0,0.0002
422,0.0001,2619660.0,1.34911,0.652658,full-RC,fs,100.0,0.0001
423,0.00015,3298120.0,1.48621,0.49687,full-RC,tt,75.0,0.00015
424,7.5e-05,2390420.0,1.17803,0.618463,C-decoupled,tt,75.0,7.5e-05
425,7.5e-05,2733550.0,1.1011,0.45639,C-decoupled,sf,0.0,7.5e-05
426,0.000175,3597890.0,1.53199,0.44519,C-coupled,tt,50.0,0.000175
427,2.5e-05,835270.0,0.915083,0.602419,C-decoupled,ss,-25.0,2.5e-05
428,0.0002,4090180.0,1.57349,0.454469,schematic,ff,50.0,0.0002
429,2.5e-05,503556.0,0.872141,0.663799,full-RC,ff,-25.0,2.5e-05
430,2.5e-05,538714.0,0.850942,0.768711,full-RC,sf,100.0,2.5e-05
431,0.000125,3383440.0,1.39415,0.464581,schematic,ss,50.0,0.000125
432,0.000175,3277730.0,1.58243,0.458605,full-RC,sf,100.0,0.000175
433,2.5e-05,474611.0,0.867183,0.746371,schematic,ff,27.0,2.5e-05
434,2.5e-05,731860.0,0.893509,0.632647,schematic,tt,-25.0,2.5e-05
435,0.000125,3155330.0,1.39535,0.464605,C-coupled,ss,50.0,0.000125
436,2.5e-05,478941.0,0.924366,0.695226,C-coupled,fs,-25.0,2.5e-05
437,0.000225,4154410.0,1.67315,0.431095,C-coupled,fs,27.0,0.000225
438,0.000125,5e-07,1.24571,0.350775,C-coupled,sf,-25.0,0.000125
439,0.00015,3968040.0,1.34829,0.376691,full-RC,tt,-25.0,0.00015
440,2.5e-05,628612.0,0.890855,0.67171,C-decoupled,tt,0.0,2.5e-05
441,0.000225,4272090.0,1.54604,0.315584,C-decoupled,sf,0.0,0.000225
442,0.000125,3313470.0,1.33686,0.464975,full-RC,tt,27.0,0.000125
443,0.0001,3403810.0,1.23053,0.406029,C-decoupled,ss,-25.0,0.0001
444,0.0002,4030120.0,1.53135,0.427125,C-decoupled,ff,27.0,0.0002
445,0.00025,4149620.0,1.74253,0.354091,C-coupled,ss,27.0,0.00025
446,0.0001,3249360.0,1.19194,0.411398,C-decoupled,sf,0.0,0.0001
447,0.0001,3232490.0,1.24807,0.501567,schematic,tt,27.0,0.0001
448,0.000175,3664930.0,1.61034,0.448801,schematic,ss,75.0,0.000175
449,0.000175,3743420.0,1.49484,0.41792,C-coupled,tt,27.0,0.000175
450,0.0001,3072810.0,1.23985,0.564924,schematic,ff,50.0,0.0001
451,0.000175,4434950.0,1.41318,0.357603,schematic,tt,-25.0,0.000175
452,0.0001,3004360.0,1.21506,0.445733,full-RC,sf,27.0,0.0001
453,0.0001,2924050.0,1.2616,0.597779,schematic,ff,75.0,0.0001
454,0.00015,3400870.0,1.45148,0.526269,C-decoupled,ff,75.0,0.00015
455,0.0002,4543420.0,1.44171,0.366522,C-decoupled,ff,-25.0,0.0002
456,7.5e-05,2701560.0,1.1011,0.45639,C-coupled,sf,0.0,7.5e-05
457,0.0001,3056490.0,1.21929,0.534954,C-decoupled,ff,27.0,0.0001
458,0.000225,3664370.0,1.75181,0.498339,full-RC,ff,100.0,0.000225
459,7.5e-05,2960840.0,1.14852,0.545639,schematic,fs,-25.0,7.5e-05
460,0.0001,3301490.0,1.17608,0.468564,full-RC,ff,-25.0,0.0001
461,2.5e-05,508062.0,0.885961,0.75084,C-coupled,tt,50.0,2.5e-05
462,0.0001,2917630.0,1.2387,0.564913,C-decoupled,ff,50.0,0.0001
463,0.000225,5e-07,1.49739,0.288571,C-coupled,sf,-25.0,0.000225
464,0.000175,4021780.0,1.41955,0.412535,full-RC,ff,0.0,0.000175
465,7.5e-05,2554240.0,1.17634,0.519795,full-RC,ss,27.0,7.5e-05
466,0.000175,3316800.0,1.61883,0.505146,full-RC,tt,100.0,0.000175
467,5e-05,2263180.0,0.990359,0.484856,schematic,sf,-25.0,5e-05
468,0.000125,2906400.0,1.45888,0.608683,C-coupled,fs,100.0,0.000125
469,0.000225,5e-07,1.6708,0.431022,schematic,fs,27.0,0.000225
470,7.5e-05,2904280.0,1.13317,0.51736,schematic,tt,0.0,7.5e-05
471,0.0002,4156380.0,1.5187,0.370501,C-coupled,tt,0.0,0.0002
472,0.000175,3792410.0,1.52975,0.392828,C-decoupled,ss,27.0,0.000175
473,5e-05,2055740.0,1.04354,0.515894,full-RC,ss,-25.0,5e-05
474,0.000125,3630710.0,1.24571,0.350775,full-RC,sf,-25.0,0.000125
475,0.00025,3959850.0,1.91385,0.502234,schematic,fs,100.0,0.00025
476,0.00015,3535250.0,1.41687,0.495221,C-decoupled,ff,50.0,0.00015
477,5e-05,2146450.0,0.997088,0.520319,schematic,sf,0.0,5e-05
478,7.5e-05,2967490.0,1.15852,0.484398,schematic,ss,0.0,7.5e-05
479,0.00015,3795340.0,1.35078,0.433937,C-coupled,ff,0.0,0.00015
480,2.5e-05,403374.0,0.862345,0.823489,schematic,ff,75.0,2.5e-05
481,7.5e-05,2786840.0,1.15965,0.484406,C-decoupled,ss,0.0,7.5e-05
482,0.000125,3278170.0,1.36035,0.473693,schematic,sf,75.0,0.000125
483,0.00015,4021500.0,1.31832,0.403911,full-RC,ff,-25.0,0.00015
484,2.5e-05,638306.0,0.905629,0.758832,schematic,ss,75.0,2.5e-05
485,0.0002,3776720.0,1.64608,0.473174,C-coupled,fs,50.0,0.0002
486,0.000225,3770760.0,1.77476,0.486857,full-RC,fs,75.0,0.000225
487,0.00015,3260010.0,1.52172,0.545967,C-coupled,fs,75.0,0.00015
488,0.0002,3835740.0,1.53116,0.357586,C-coupled,sf,27.0,0.0002
489,0.00025,5e-07,1.68133,0.324895,C-coupled,ss,0.0,0.00025
490,0.0001,3403070.0,1.19399,0.411422,schematic,sf,0.0,0.0001
491,0.000225,5e-07,1.67449,0.364819,C-coupled,ss,27.0,0.000225
492,0.0002,3495130.0,1.6712,0.442085,C-decoupled,sf,100.0,0.0002
493,0.0001,2885650.0,1.2985,0.499461,full-RC,ss,50.0,0.0001
494,2.5e-05,500449.0,0.924366,0.695226,C-decoupled,fs,-25.0,2.5e-05
495,0.00025,4264690.0,1.74021,0.418376,full-RC,fs,27.0,0.00025
496,0.00025,5e-07,1.55288,0.279222,full-RC,sf,-25.0,0.00025
497,0.0002,4183870.0,1.55452,0.414895,C-coupled,fs,0.0,0.0002
498,0.0001,3006560.0,1.21929,0.534954,full-RC,ff,27.0,0.0001
499,0.0001,3101880.0,1.29732,0.499444,schematic,ss,50.0,0.0001
500,0.000125,3291340.0,1.30312,0.41378,C-coupled,sf,27.0,0.000125
501,7.5e-05,2553920.0,1.14905,0.553327,C-coupled,tt,27.0,7.5e-05
502,0.0002,3553890.0,1.74992,0.461327,C-decoupled,ss,100.0,0.0002
503,0.000225,4652010.0,1.5477,0.381349,schematic,ff,0.0,0.000225
504,0.00025,5e-07,1.62573,0.360099,C-coupled,fs,-25.0,0.00025
505,0.0002,3959260.0,1.60376,0.377507,C-decoupled,ss,27.0,0.0002
506,0.000175,3374530.0,1.65558,0.552043,C-decoupled,fs,100.0,0.000175
507,0.000175,4098000.0,1.41955,0.412535,C-decoupled,ff,0.0,0.000175
508,0.000225,3605240.0,1.83275,0.516049,full-RC,fs,100.0,0.000225
509,0.000175,3360190.0,1.65558,0.552043,C-coupled,fs,100.0,0.000175
510,0.00025,4582710.0,1.6256,0.298448,full-RC,ss,-25.0,0.00025
511,5e-05,1675770.0,1.0774,0.75212,schematic,fs,75.0,5e-05
512,0.00015,3446460.0,1.48548,0.515391,full-RC,fs,50.0,0.00015
513,7.5e-05,2686100.0,1.10711,0.551538,C-decoupled,ff,0.0,7.5e-05
514,0.00025,3703920.0,1.83808,0.416727,C-decoupled,sf,100.0,0.00025
515,2.5e-05,808500.0,0.915083,0.602419,full-RC,ss,-25.0,2.5e-05
516,0.000225,3482050.0,1.75618,0.428358,full-RC,sf,100.0,0.000225
517,5e-05,1743410.0,1.07348,0.657444,C-coupled,ss,75.0,5e-05
518,0.00015,4073690.0,1.35197,0.433958,schematic,ff,0.0,0.00015
519,0.0001,2998640.0,1.21929,0.534954,C-coupled,ff,27.0,0.0001
520,0.000225,3930160.0,1.70147,0.399782,schematic,sf,75.0,0.000225
521,2.5e-05,429232.0,0.866105,0.746366,C-coupled,ff,27.0,2.5e-05
522,7.5e-05,2352550.0,1.17803,0.618463,full-RC,tt,75.0,7.5e-05
523,0.000225,4343140.0,1.54644,0.381315,C-coupled,ff,0.0,0.000225
524,0.0002,3964460.0,1.53135,0.427125,C-coupled,ff,27.0,0.0002
525,0.000175,4217930.0,1.44531,0.334022,C-decoupled,ss,-25.0,0.000175
526,0.0002,4030840.0,1.48329,0.327176,C-coupled,sf,0.0,0.0002
527,0.0002,4221430.0,1.5326,0.427157,schematic,ff,27.0,0.0002
528,7.5e-05,2356650.0,1.17803,0.618463,C-coupled,tt,75.0,7.5e-05
529,5e-05,2038840.0,1.05096,0.550591,C-decoupled,ss,0.0,5e-05
530,2.5e-05,756786.0,0.909298,0.683087,schematic,ss,27.0,2.5e-05
531,0.000225,3682020.0,1.7785,0.418773,C-coupled,ss,75.0,0.000225
532,5e-05,2142350.0,1.01967,0.547798,schematic,tt,-25.0,5e-05
533,2.5e-05,483396.0,0.883853,0.790766,C-decoupled,tt,75.0,2.5e-05
534,0.00015,3880280.0,1.3146,0.329413,full-RC,sf,-25.0,0.00015
535,0.000175,4239730.0,1.38179,0.383105,full-RC,ff,-25.0,0.000175
536,0.00025,4204840.0,1.66334,0.400185,full-RC,ff,27.0,0.00025
537,0.000175,4312870.0,1.42076,0.412561,schematic,ff,0.0,0.000175
538,5e-05,1537210.0,1.02162,0.725722,full-RC,ff,75.0,5e-05
539,0.00025,4327120.0,1.71497,0.426768,schematic,ff,50.0,0.00025
540,0.0002,3632980.0,1.61849,0.484324,full-RC,ff,75.0,0.0002
541,2.5e-05,406842.0,0.917062,0.812682,C-decoupled,fs,50.0,2.5e-05
542,2.5e-05,450268.0,0.921787,0.734067,full-RC,fs,0.0,2.5e-05
543,5e-05,1866510.0,1.06577,0.621437,C-decoupled,ss,50.0,5e-05
544,0.000125,3167130.0,1.32905,0.442308,C-coupled,sf,50.0,0.000125
545,7.5e-05,2856510.0,1.14419,0.452241,C-coupled,ss,-25.0,7.5e-05
546,5e-05,1984470.0,0.997211,0.580584,schematic,ff,-25.0,5e-05
547,2.5e-05,336960.0,0.859212,0.863811,C-coupled,ff,100.0,2.5e-05
548,2.5e-05,5e-07,0.882104,0.830834,C-decoupled,tt,100.0,2.5e-05
549,0.000225,3817530.0,1.79427,0.472066,schematic,tt,100.0,0.000225
550,0.000225,5e-07,1.49961,0.288623,schematic,sf,-25.0,0.000225
551,0.0001,3091600.0,1.2683,0.531158,schematic,tt,50.0,0.0001
552,0.00015,3419810.0,1.45033,0.466279,C-coupled,tt,50.0,0.00015
553,0.0002,3674300.0,1.65716,0.457582,C-decoupled,tt,75.0,0.0002
554,0.00025,5e-07,1.68002,0.324856,schematic,ss,0.0,0.00025
555,0.00025,3674680.0,1.91634,0.50233,full-RC,fs,100.0,0.00025
556,5e-05,1475150.0,1.08726,0.788406,full-RC,fs,100.0,5e-05
557,0.00025,3564800.0,1.92288,0.435296,C-coupled,ss,100.0,0.00025
558,0.0002,3665230.0,1.61849,0.484324,C-decoupled,ff,75.0,0.0002
559,7.5e-05,2738340.0,1.09308,0.518222,C-coupled,ff,-25.0,7.5e-05
560,0.000175,3705330.0,1.54022,0.428855,schematic,sf,75.0,0.000175
561,0.000125,3718060.0,1.30786,0.374417,C-coupled,ss,-25.0,0.000125
562,0.000225,5e-07,1.56895,0.3721,full-RC,fs,-25.0,0.000225
563,0.000125,2907500.0,1.45888,0.608683,full-RC,fs,100.0,0.000125
564,5e-05,1989710.0,1.05096,0.550591,full-RC,ss,0.0,5e-05
565,5e-05,2163880.0,1.04985,0.550585,schematic,ss,0.0,5e-05
566,0.00015,3287370.0,1.52177,0.469224,C-decoupled,ss,75.0,0.00015
567,2.5e-05,337074.0,0.9134,0.892069,full-RC,fs,100.0,2.5e-05
568,5e-05,1819910.0,1.0085,0.592608,C-coupled,sf,50.0,5e-05
569,7.5e-05,2390050.0,1.14532,0.558172,full-RC,sf,75.0,7.5e-05
570,0.000125,3632690.0,1.33672,0.403961,C-decoupled,ss,0.0,0.000125
571,2.5e-05,5e-07,0.883853,0.790766,C-coupled,tt,75.0,2.5e-05
572,0.0002,4075500.0,1.48329,0.327176,full-RC,sf,0.0,0.0002
573,0.00025,5e-07,1.60589,0.369402,full-RC,ff,0.0,0.00025
574,5e-05,1947280.0,1.04917,0.609801,schematic,fs,-25.0,5e-05
575,0.0002,3521800.0,1.66808,0.514256,C-coupled,ff,100.0,0.0002
576,0.00015,3103290.0,1.56032,0.576645,full-RC,fs,100.0,0.00015
577,5e-05,1810390.0,1.08062,0.693738,schematic,ss,100.0,5e-05
578,0.00015,3155780.0,1.48837,0.557393,full-RC,ff,100.0,0.00015
579,0.0002,4372530.0,1.55251,0.347287,schematic,ss,0.0,0.0002
580,0.0002,4070240.0,1.55376,0.34732,full-RC,ss,0.0,0.0002
581,0.000225,4615310.0,1.58214,0.357411,schematic,tt,0.0,0.000225
582,0.000225,3731020.0,1.77476,0.486857,C-coupled,fs,75.0,0.000225
583,0.0002,3613960.0,1.7486,0.461284,schematic,ss,100.0,0.0002
584,2.5e-05,605273.0,0.890855,0.67171,C-coupled,tt,0.0,2.5e-05
585,2.5e-05,530402.0,0.905287,0.798599,full-RC,ss,100.0,2.5e-05
586,2.5e-05,467633.0,0.86917,0.703329,full-RC,ff,0.0,2.5e-05
587,0.000125,4009090.0,1.30669,0.374398,schematic,ss,-25.0,0.000125
588,0.00015,3336550.0,1.56016,0.499427,schematic,ss,100.0,0.00015
589,2.5e-05,578235.0,0.906719,0.758838,full-RC,ss,75.0,2.5e-05
590,0.00025,5e-07,1.58908,0.319092,full-RC,tt,-25.0,0.00025
591,0.00015,3587580.0,1.45331,0.487492,C-coupled,fs,27.0,0.00015
592,0.000225,3829750.0,1.83032,0.515962,schematic,fs,100.0,0.000225
593,0.00015,3111820.0,1.4889,0.479014,C-coupled,sf,100.0,0.00015
594,2.5e-05,445733.0,0.866105,0.746366,C-decoupled,ff,27.0,2.5e-05
595,0.000175,3551020.0,1.56819,0.419506,full-RC,ss,50.0,0.000175
596,2.5e-05,804173.0,0.915083,0.602419,C-coupled,ss,-25.0,2.5e-05
597,0.000225,5e-07,1.56895,0.3721,C-decoupled,fs,-25.0,0.000225
598,0.00025,4424790.0,1.7412,0.354048,schematic,ss,27.0,0.00025
599,0.0001,3178790.0,1.25768,0.524884,full-RC,fs,0.0,0.0001
600,5e-05,1673890.0,1.08175,0.693745,C-coupled,ss,100.0,5e-05
601,0.0001,3380040.0,1.19797,0.500226,schematic,ff,0.0,0.0001
602,0.000225,3899260.0,1.72077,0.457711,C-coupled,fs,50.0,0.000225
603,7.5e-05,2563150.0,1.18158,0.613798,C-decoupled,fs,27.0,7.5e-05
604,0.000225,4493200.0,1.54829,0.315641,schematic,sf,0.0,0.000225
605,2.5e-05,520694.0,0.870244,0.703335,schematic,ff,0.0,2.5e-05
606,5e-05,1802870.0,1.01546,0.629301,C-decoupled,sf,75.0,5e-05
607,0.0001,3430000.0,1.25186,0.436616,schematic,ss,0.0,0.0001
608,5e-05,1777310.0,1.03388,0.621637,C-coupled,tt,27.0,5e-05
609,0.00015,3691740.0,1.34782,0.358444,C-coupled,sf,0.0,0.00015
610,0.000125,3192110.0,1.39743,0.546038,full-RC,fs,50.0,0.000125
611,0.00015,3748660.0,1.34782,0.358444,full-RC,sf,0.0,0.00015
612,0.00025,3798030.0,1.85714,0.407257,full-RC,ss,75.0,0.00025
613,5e-05,1856200.0,1.0085,0.592608,C-decoupled,sf,50.0,5e-05
614,0.00015,3385150.0,1.49112,0.479069,schematic,sf,100.0,0.00015
615,0.00015,3644360.0,1.38614,0.46686,C-decoupled,ff,27.0,0.00015
616,7.5e-05,2453070.0,1.20682,0.584064,C-decoupled,ss,75.0,7.5e-05
617,2.5e-05,365067.0,0.861262,0.823483,full-RC,ff,75.0,2.5e-05
618,2.5e-05,470084.0,0.921787,0.734067,C-decoupled,fs,0.0,2.5e-05
619,0.000125,2921830.0,1.3892,0.50521,C-coupled,sf,100.0,0.000125
620,0.00015,3479220.0,1.41687,0.495221,full-RC,ff,50.0,0.00015
621,0.000175,3749640.0,1.46078,0.4448,full-RC,ff,27.0,0.000175
622,0.000125,3998420.0,1.27878,0.401632,schematic,tt,-25.0,0.000125
623,0.00015,3568400.0,1.38403,0.390402,C-decoupled,sf,27.0,0.00015
624,5e-05,1726970.0,1.05501,0.727868,schematic,tt,100.0,5e-05
625,0.0001,2905370.0,1.30184,0.588064,C-decoupled,fs,50.0,0.0001
626,0.000175,5e-07,1.44409,0.333995,schematic,ss,-25.0,0.000175
627,0.000175,4012260.0,1.48565,0.362003,C-decoupled,ss,0.0,0.000175
628,0.00025,3696010.0,1.91634,0.50233,C-coupled,fs,100.0,0.00025
629,0.0001,2963400.0,1.23504,0.475401,C-decoupled,sf,50.0,0.0001
630,0.0001,3248730.0,1.25768,0.524884,C-decoupled,fs,0.0,0.0001
631,0.000125,3599080.0,1.30743,0.495626,schematic,ff,27.0,0.000125
632,0.00025,4277980.0,1.75432,0.402307,schematic,tt,50.0,0.00025
633,2.5e-05,419261.0,0.919143,0.776388,full-RC,fs,27.0,2.5e-05
634,2.5e-05,5e-07,0.860065,0.608519,C-decoupled,sf,0.0,2.5e-05
635,0.0002,4038040.0,1.64376,0.473105,schematic,fs,50.0,0.0002
636,0.00015,3203430.0,1.45103,0.44843,full-RC,sf,75.0,0.00015
637,0.0001,2874270.0,1.2683,0.531158,full-RC,tt,50.0,0.0001
638,7.5e-05,2404000.0,1.20682,0.584064,full-RC,ss,75.0,7.5e-05
639,0.000175,3733490.0,1.52975,0.392828,full-RC,ss,27.0,0.000175
640,0.00025,5e-07,1.60629,0.305757,C-decoupled,sf,0.0,0.00025
641,0.00015,3220740.0,1.52445,0.527599,C-decoupled,tt,100.0,0.00015
642,5e-05,2033620.0,1.02653,0.583055,schematic,tt,0.0,5e-05
643,0.000125,3169410.0,1.36308,0.493608,full-RC,tt,50.0,0.000125
644,0.00025,3814560.0,1.85714,0.407257,C-coupled,ss,75.0,0.00025
645,2.5e-05,438876.0,0.864748,0.783249,schematic,ff,50.0,2.5e-05
646,0.000125,3494150.0,1.33672,0.403961,C-coupled,ss,0.0,0.000125
647,0.0002,3546210.0,1.69688,0.432397,full-RC,ss,75.0,0.0002
648,2.5e-05,699687.0,0.857243,0.651357,full-RC,sf,27.0,2.5e-05
649,7.5e-05,2543550.0,1.11675,0.492577,full-RC,sf,27.0,7.5e-05
650,7.5e-05,2631690.0,1.10711,0.551538,full-RC,ff,0.0,7.5e-05
651,0.0001,3244130.0,1.27624,0.470304,schematic,ss,27.0,0.0001
652,0.0001,3221490.0,1.27926,0.558755,schematic,fs,27.0,0.0001
653,0.0001,3076710.0,1.28136,0.558775,C-decoupled,fs,27.0,0.0001
654,2.5e-05,5e-07,0.910382,0.683092,full-RC,ss,27.0,2.5e-05
655,0.000125,3323590.0,1.30625,0.495609,full-RC,ff,27.0,0.000125
656,5e-05,1881050.0,1.02653,0.583055,C-coupled,tt,0.0,5e-05
657,0.00015,3404490.0,1.45033,0.466279,full-RC,tt,50.0,0.00015
658,0.00015,3455360.0,1.48459,0.439186,C-decoupled,ss,50.0,0.00015
659,7.5e-05,2461640.0,1.13522,0.61946,C-decoupled,ff,50.0,7.5e-05
660,7.5e-05,2513740.0,1.12221,0.58803,C-coupled,ff,27.0,7.5e-05
661,0.00015,4048040.0,1.38188,0.406091,schematic,tt,0.0,0.00015
662,0.000225,3608290.0,1.75618,0.428358,C-decoupled,sf,100.0,0.000225
663,0.00025,4150960.0,1.66497,0.335075,C-decoupled,sf,27.0,0.00025
664,0.000175,4005520.0,1.41955,0.412535,C-coupled,ff,0.0,0.000175
665,0.00025,3997310.0,1.83381,0.484934,schematic,ff,100.0,0.00025
666,0.00015,5e-07,1.37772,0.351556,schematic,ss,-25.0,0.00015
667,0.00025,4046180.0,1.66497,0.335075,C-coupled,sf,27.0,0.00025
668,2.5e-05,528497.0,0.922423,0.695217,schematic,fs,-25.0,2.5e-05
669,0.00015,3099520.0,1.4889,0.479014,full-RC,sf,100.0,0.00015
670,0.000125,3570990.0,1.30661,0.431811,C-decoupled,tt,0.0,0.000125
671,0.0001,2905580.0,1.28331,0.540874,schematic,sf,100.0,0.0001
672,0.000125,3611170.0,1.27711,0.461914,C-decoupled,ff,0.0,0.000125
673,0.0002,4483540.0,1.4745,0.342333,C-decoupled,tt,-25.0,0.0002
674,2.5e-05,5e-07,0.905287,0.798599,C-decoupled,ss,100.0,2.5e-05
675,0.000125,3085350.0,1.3582,0.473652,C-coupled,sf,75.0,0.000125
676,0.000125,3454090.0,1.30625,0.495609,C-decoupled,ff,27.0,0.000125
677,0.00015,3848490.0,1.45111,0.487446,schematic,fs,27.0,0.00015
678,0.000175,3654840.0,1.53199,0.44519,C-decoupled,tt,50.0,0.000175
679,0.000175,3620150.0,1.49669,0.472593,full-RC,ff,50.0,0.000175
680,0.00025,4146650.0,1.84975,0.473393,schematic,fs,75.0,0.00025
681,0.00025,4231040.0,1.74021,0.418376,C-coupled,fs,27.0,0.00025
682,0.000225,4197110.0,1.59867,0.412522,C-decoupled,ff,27.0,0.000225
683,0.000225,4105790.0,1.54604,0.315584,full-RC,sf,0.0,0.000225
684,2.5e-05,5e-07,0.854999,0.688135,C-decoupled,sf,50.0,2.5e-05
685,0.00015,3526880.0,1.45271,0.526296,schematic,ff,75.0,0.00015
686,0.000225,3780840.0,1.72321,0.39051,C-coupled,ss,50.0,0.000225
687,0.000125,3444470.0,1.27322,0.380778,full-RC,sf,0.0,0.000125
688,5e-05,1806160.0,1.02496,0.666273,schematic,sf,100.0,5e-05
689,0.00015,3803630.0,1.38619,0.390446,schematic,sf,27.0,0.00015
690,0.000125,2896710.0,1.42389,0.556617,full-RC,tt,100.0,0.000125
691,5e-05,1896470.0,1.00231,0.559147,C-coupled,sf,27.0,5e-05
692,0.00015,3133750.0,1.52445,0.527599,C-coupled,tt,100.0,0.00015
693,2.5e-05,707241.0,0.910382,0.683092,C-decoupled,ss,27.0,2.5e-05
694,7.5e-05,2472630.0,1.22271,0.618054,schematic,ss,100.0,7.5e-05
695,0.000125,2989360.0,1.45853,0.526653,C-decoupled,ss,100.0,0.000125
696,2.5e-05,503082.0,0.872141,0.663799,C-coupled,ff,-25.0,2.5e-05
697,0.00015,5e-07,1.41247,0.380244,schematic,ss,0.0,0.00015
698,7.5e-05,2443390.0,1.16273,0.584371,full-RC,tt,50.0,7.5e-05
699,0.000175,3556090.0,1.53724,0.503011,C-decoupled,ff,75.0,0.000175
700,0.0001,3329530.0,1.23581,0.494078,full-RC,fs,-25.0,0.0001
701,5e-05,1646050.0,1.04734,0.69124,full-RC,tt,75.0,5e-05
702,0.000125,3280030.0,1.39256,0.525027,schematic,tt,75.0,0.000125
703,5e-05,1741110.0,1.05815,0.644834,C-coupled,fs,0.0,5e-05
704,0.0002,3772500.0,1.57298,0.38393,C-decoupled,sf,50.0,0.0002
705,0.000125,3375950.0,1.36811,0.43648,C-decoupled,ss,27.0,0.000125
706,5e-05,1741740.0,1.05815,0.644834,full-RC,fs,0.0,5e-05
707,7.5e-05,2467160.0,1.20891,0.678286,schematic,fs,75.0,7.5e-05
708,5e-05,1592270.0,1.07943,0.752132,C-decoupled,fs,75.0,5e-05
709,0.000175,4187270.0,1.41318,0.357603,C-coupled,tt,-25.0,0.000175
710,2.5e-05,5e-07,0.912764,0.640987,C-coupled,ss,0.0,2.5e-05
711,0.00025,5e-07,1.60589,0.369402,C-coupled,ff,0.0,0.00025
712,0.0001,2692030.0,1.28348,0.630819,C-decoupled,ff,100.0,0.0001
713,0.000225,4044450.0,1.64842,0.371323,schematic,sf,50.0,0.000225
714,2.5e-05,859929.0,0.861996,0.608529,schematic,sf,0.0,2.5e-05
715,0.0002,3994060.0,1.57525,0.383991,schematic,sf,50.0,0.0002
716,0.000225,3604800.0,1.83796,0.447218,C-decoupled,ss,100.0,0.000225
717,0.00015,3360840.0,1.55805,0.576588,schematic,fs,100.0,0.00015
718,0.0001,2734730.0,1.29098,0.563656,full-RC,tt,75.0,0.0001
719,5e-05,1660520.0,1.02295,0.66626,full-RC,sf,100.0,5e-05
720,7.5e-05,2743030.0,1.15965,0.484406,C-coupled,ss,0.0,7.5e-05
721,0.000175,5e-07,1.44787,0.40378,C-coupled,fs,-25.0,0.000175
722,0.000125,4001110.0,1.31007,0.454591,schematic,fs,-25.0,0.000125
723,2.5e-05,613188.0,0.888123,0.714297,schematic,tt,27.0,2.5e-05
724,0.00025,4334470.0,1.60629,0.305757,full-RC,sf,0.0,0.00025
725,5e-05,1813370.0,1.06577,0.621437,full-RC,ss,50.0,5e-05
726,0.000175,3729990.0,1.45965,0.372251,full-RC,sf,27.0,0.000175
727,0.0002,3973540.0,1.60341,0.446192,full-RC,fs,27.0,0.0002
728,0.00025,3761120.0,1.77493,0.388519,C-coupled,sf,75.0,0.00025
729,7.5e-05,2514500.0,1.16273,0.584371,C-decoupled,tt,50.0,7.5e-05
730,0.0002,5e-07,1.44292,0.366549,schematic,ff,-25.0,0.0002
731,0.00025,5e-07,1.67796,0.387804,schematic,fs,0.0,0.00025
732,0.000175,3331550.0,1.61883,0.505146,C-coupled,tt,100.0,0.000175
733,0.0001,3006970.0,1.28136,0.558775,full-RC,fs,27.0,0.0001
734,0.00015,3266880.0,1.48621,0.49687,C-coupled,tt,75.0,0.00015
735,7.5e-05,2882740.0,1.11844,0.484603,C-decoupled,tt,-25.0,7.5e-05
736,0.0002,4229670.0,1.55452,0.414895,full-RC,fs,0.0,0.0002
737,0.00025,4282360.0,1.79482,0.379356,schematic,ss,50.0,0.00025
738,0.0001,3077700.0,1.21506,0.445733,C-decoupled,sf,27.0,0.0001
739,0.0002,3785320.0,1.57223,0.454434,C-coupled,ff,50.0,0.0002
740,0.00015,3819300.0,1.4185,0.438393,schematic,tt,27.0,0.00015
741,0.00025,3707330.0,1.83247,0.484886,C-coupled,ff,100.0,0.00025
742,0.000225,4428330.0,1.61867,0.400226,C-decoupled,fs,0.0,0.000225
743,0.000175,3568240.0,1.49642,0.399183,C-coupled,sf,50.0,0.000175
744,0.0002,3672290.0,1.64743,0.403648,C-coupled,ss,50.0,0.0002
745,0.0001,2867490.0,1.30184,0.588064,full-RC,fs,50.0,0.0001
746,7.5e-05,2624200.0,1.17634,0.519795,C-coupled,ss,27.0,7.5e-05
747,0.0001,2825720.0,1.31502,0.596391,schematic,tt,100.0,0.0001
748,2.5e-05,5e-07,0.888123,0.714297,C-decoupled,tt,27.0,2.5e-05
749,7.5e-05,2483420.0,1.13024,0.52383,full-RC,sf,50.0,7.5e-05
750,0.00015,3533160.0,1.4185,0.438393,full-RC,tt,27.0,0.00015
751,0.0001,2783800.0,1.32215,0.531507,C-coupled,ss,75.0,0.0001
752,0.00015,3503320.0,1.51948,0.545914,schematic,fs,75.0,0.00015
753,0.00025,3777220.0,1.83247,0.484886,C-decoupled,ff,100.0,0.00025
754,0.0002,3770550.0,1.60933,0.428227,full-RC,tt,50.0,0.0002
755,0.00025,5e-07,1.68031,0.387879,C-coupled,fs,0.0,0.00025
756,7.5e-05,2360330.0,1.22534,0.712296,schematic,fs,100.0,7.5e-05
757,0.000125,3784810.0,1.30661,0.431811,schematic,tt,0.0,0.000125
758,0.000175,4291540.0,1.41318,0.357603,C-decoupled,tt,-25.0,0.000175
759,5e-05,1597040.0,1.02162,0.725722,C-decoupled,ff,75.0,5e-05
760,0.000225,3671070.0,1.83275,0.516049,C-decoupled,fs,100.0,0.000225
761,5e-05,1581980.0,1.05501,0.727868,full-RC,tt,100.0,5e-05
762,0.00015,3179820.0,1.52445,0.527599,full-RC,tt,100.0,0.00015
763,0.0002,5e-07,1.55376,0.34732,C-coupled,ss,0.0,0.0002
764,0.000125,3017600.0,1.3892,0.50521,C-decoupled,sf,100.0,0.000125
765,0.0001,2783670.0,1.34696,0.652633,schematic,fs,100.0,0.0001
766,0.0002,4359610.0,1.4855,0.327228,schematic,sf,0.0,0.0002
767,0.0002,3735180.0,1.64743,0.403648,C-decoupled,ss,50.0,0.0002
768,5e-05,2085400.0,1.04354,0.515894,C-coupled,ss,-25.0,5e-05
769,0.0001,3290490.0,1.20306,0.436154,full-RC,tt,-25.0,0.0001
770,7.5e-05,2812760.0,1.11844,0.484603,C-coupled,tt,-25.0,7.5e-05
771,2.5e-05,651933.0,0.854743,0.728351,schematic,sf,75.0,2.5e-05
772,0.0001,3162180.0,1.19683,0.500216,full-RC,ff,0.0,0.0001
773,0.000125,3579740.0,1.33686,0.464975,schematic,tt,27.0,0.000125
774,5e-05,1733010.0,1.01546,0.629301,C-coupled,sf,75.0,5e-05
775,7.5e-05,2351440.0,1.21099,0.678301,C-decoupled,fs,75.0,7.5e-05
776,0.000175,3792830.0,1.46078,0.4448,C-coupled,ff,27.0,0.000175
777,0.000125,3547370.0,1.27322,0.380778,C-decoupled,sf,0.0,0.000125
778,7.5e-05,2392780.0,1.13522,0.61946,full-RC,ff,50.0,7.5e-05
779,0.0001,2950310.0,1.2683,0.531158,C-decoupled,tt,50.0,0.0001
780,0.0001,2806300.0,1.29098,0.563656,C-coupled,tt,75.0,0.0001
781,0.00025,3948050.0,1.79617,0.379401,C-coupled,ss,50.0,0.00025
782,0.000175,4033940.0,1.48732,0.432738,full-RC,fs,0.0,0.000175
783,0.000225,3938270.0,1.64434,0.439418,full-RC,ff,50.0,0.000225
784,5e-05,1828860.0,0.99612,0.580577,full-RC,ff,-25.0,5e-05
785,0.0002,4141160.0,1.60249,0.377472,schematic,ss,27.0,0.0002
786,0.0001,3362880.0,1.23581,0.494078,C-coupled,fs,-25.0,0.0001
787,0.0002,4146380.0,1.55376,0.34732,C-decoupled,ss,0.0,0.0002
788,0.00025,4110000.0,1.79265,0.444678,C-decoupled,fs,50.0,0.00025
789,0.00025,3704770.0,1.83247,0.484886,full-RC,ff,100.0,0.00025
790,0.000225,4132700.0,1.63606,0.387864,C-decoupled,tt,27.0,0.000225
791,0.000225,4094360.0,1.59867,0.412522,full-RC,ff,27.0,0.000225
792,0.000125,3038810.0,1.3582,0.473652,full-RC,sf,75.0,0.000125
793,0.0002,3631090.0,1.65716,0.457582,C-coupled,tt,75.0,0.0002
794,0.000225,3778160.0,1.73673,0.443067,C-decoupled,tt,75.0,0.000225
795,0.0002,3719860.0,1.66937,0.514296,schematic,ff,100.0,0.0002
796,2.5e-05,555038.0,0.850942,0.768711,C-decoupled,sf,100.0,2.5e-05
797,0.00025,4467240.0,1.70237,0.37636,schematic,tt,27.0,0.00025
798,7.5e-05,2931590.0,1.10311,0.456405,schematic,sf,0.0,7.5e-05
799,2.5e-05,674806.0,0.890855,0.67171,schematic,tt,0.0,2.5e-05
800,0.00015,5e-07,1.31949,0.40393,schematic,ff,-25.0,0.00015
801,5e-05,1528410.0,1.08726,0.788406,C-decoupled,fs,100.0,5e-05
802,0.0001,2651960.0,1.34911,0.652658,C-coupled,fs,100.0,0.0001
803,2.5e-05,5e-07,0.888123,0.714297,C-coupled,tt,27.0,2.5e-05
804,7.5e-05,2713630.0,1.18958,0.550389,schematic,ss,50.0,7.5e-05
805,0.00025,3617180.0,1.83808,0.416727,C-coupled,sf,100.0,0.00025
806,0.000125,3134610.0,1.39125,0.588427,schematic,ff,100.0,0.000125
807,0.000175,3704250.0,1.49669,0.472593,C-decoupled,ff,50.0,0.000175
808,5e-05,1800230.0,1.06366,0.683116,schematic,fs,27.0,5e-05
809,0.000175,4128440.0,1.44531,0.334022,full-RC,ss,-25.0,0.000175
810,0.0002,5e-07,1.5081,0.319935,full-RC,ss,-25.0,0.0002
811,7.5e-05,2752640.0,1.09308,0.518222,full-RC,ff,-25.0,7.5e-05
812,0.0002,3518770.0,1.66808,0.514256,C-decoupled,ff,100.0,0.0002
813,7.5e-05,2612960.0,1.10711,0.551538,C-coupled,ff,0.0,7.5e-05
814,2.5e-05,513898.0,0.883853,0.790766,schematic,tt,75.0,2.5e-05
815,0.0002,3704580.0,1.57298,0.38393,C-coupled,sf,50.0,0.0002
816,5e-05,1649370.0,1.07214,0.716065,C-decoupled,fs,50.0,5e-05
817,7.5e-05,2293490.0,1.22388,0.618065,C-coupled,ss,100.0,7.5e-05
818,0.000175,3561970.0,1.49642,0.399183,full-RC,sf,50.0,0.000175
819,0.00025,4042810.0,1.79617,0.379401,C-decoupled,ss,50.0,0.00025
820,0.000125,3279010.0,1.33152,0.524651,C-decoupled,ff,50.0,0.000125
821,7.5e-05,2554400.0,1.19073,0.550398,C-decoupled,ss,50.0,7.5e-05
822,7.5e-05,2698600.0,1.1011,0.45639,full-RC,sf,0.0,7.5e-05
823,0.00015,4107400.0,1.31832,0.403911,C-decoupled,ff,-25.0,0.00015
824,2.5e-05,5e-07,0.915048,0.852316,C-decoupled,fs,75.0,2.5e-05
825,0.000175,3900890.0,1.41747,0.341139,full-RC,sf,0.0,0.000175
826,5e-05,1897800.0,1.00354,0.616363,schematic,ff,0.0,5e-05
827,0.000225,4370820.0,1.58214,0.357411,C-decoupled,tt,0.0,0.000225
828,2.5e-05,587409.0,0.852795,0.728341,full-RC,sf,75.0,2.5e-05
829,0.000175,4537600.0,1.38298,0.383129,schematic,ff,-25.0,0.000175
830,0.00015,3837370.0,1.41629,0.455152,full-RC,fs,0.0,0.00015
831,7.5e-05,2686120.0,1.13317,0.51736,C-coupled,tt,0.0,7.5e-05
832,0.000125,3042850.0,1.42389,0.556617,C-decoupled,tt,100.0,0.000125
833,2.5e-05,702366.0,0.857243,0.651357,C-coupled,sf,27.0,2.5e-05
834,0.00015,4127510.0,1.41412,0.455109,schematic,fs,0.0,0.00015
835,0.0002,3447640.0,1.70844,0.487054,C-coupled,tt,100.0,0.0002
836,0.000225,3667180.0,1.7785,0.418773,full-RC,ss,75.0,0.000225
837,0.000175,3252370.0,1.65807,0.478355,full-RC,ss,100.0,0.000175
838,5e-05,1965340.0,1.06465,0.62143,schematic,ss,50.0,5e-05
839,0.000125,3721310.0,1.25028,0.431205,C-coupled,ff,-25.0,0.000125
840,5e-05,1831950.0,1.0085,0.592608,full-RC,sf,50.0,5e-05
841,5e-05,1812860.0,1.05115,0.609812,full-RC,fs,-25.0,5e-05
842,0.0001,2957490.0,1.2985,0.499461,C-decoupled,ss,50.0,0.0001
843,2.5e-05,378894.0,0.861262,0.823483,C-decoupled,ff,75.0,2.5e-05
844,0.0002,3892790.0,1.57223,0.454434,C-decoupled,ff,50.0,0.0002
845,0.00025,5e-07,1.64308,0.346351,schematic,tt,0.0,0.00025
846,5e-05,1664670.0,1.02295,0.66626,C-coupled,sf,100.0,5e-05
847,2.5e-05,526976.0,0.872141,0.663799,C-decoupled,ff,-25.0,2.5e-05
848,0.0002,3566000.0,1.62035,0.412911,full-RC,sf,75.0,0.0002
849,0.00025,3871120.0,1.85221,0.473483,full-RC,fs,75.0,0.00025
850,7.5e-05,2519100.0,1.13024,0.52383,C-coupled,sf,50.0,7.5e-05
851,0.00015,3423100.0,1.41687,0.495221,C-coupled,ff,50.0,0.00015
852,0.000125,3806220.0,1.25028,0.431205,C-decoupled,ff,-25.0,0.000125
853,0.00015,3153790.0,1.56142,0.49946,C-decoupled,ss,100.0,0.00015
854,5e-05,1797270.0,1.04734,0.69124,schematic,tt,75.0,5e-05
855,7.5e-05,2832160.0,1.15055,0.545652,C-decoupled,fs,-25.0,7.5e-05
856,0.000125,3435620.0,1.37091,0.517563,C-decoupled,fs,27.0,0.000125
857,0.000175,3200590.0,1.65807,0.478355,C-coupled,ss,100.0,0.000175
858,7.5e-05,2452200.0,1.14532,0.558172,C-decoupled,sf,75.0,7.5e-05
859,0.00025,4342490.0,1.74021,0.418376,C-decoupled,fs,27.0,0.00025
860,0.00025,5e-07,1.55514,0.279278,schematic,sf,-25.0,0.00025
861,0.000125,3227830.0,1.39535,0.464605,C-decoupled,ss,50.0,0.000125
862,2.5e-05,5e-07,0.850942,0.768711,C-coupled,sf,100.0,2.5e-05
863,0.0002,5e-07,1.50983,0.386377,C-coupled,fs,-25.0,0.0002
864,2.5e-05,5e-07,0.852795,0.728341,C-coupled,sf,75.0,2.5e-05
865,0.00025,3974130.0,1.75432,0.402307,full-RC,tt,50.0,0.00025
866,0.00025,5e-07,1.55355,0.341356,C-decoupled,ff,-25.0,0.00025
867,0.000175,4270790.0,1.45221,0.386339,schematic,tt,0.0,0.000175
868,0.000175,3544880.0,1.61031,0.521951,C-decoupled,fs,75.0,0.000175
869,0.0002,3955450.0,1.53135,0.427125,full-RC,ff,27.0,0.0002
870,0.0001,2988540.0,1.25954,0.508026,schematic,sf,75.0,0.0001
871,5e-05,1471840.0,1.02871,0.762614,C-coupled,ff,100.0,5e-05
872,0.00025,5e-07,1.58908,0.319092,C-coupled,tt,-25.0,0.00025
873,0.00025,5e-07,1.71641,0.36051,full-RC,sf,50.0,0.00025
874,5e-05,1789570.0,1.03388,0.621637,full-RC,tt,27.0,5e-05
875,0.000225,4014490.0,1.72077,0.457711,C-decoupled,fs,50.0,0.000225
876,0.0002,5e-07,1.4745,0.342333,C-coupled,tt,-25.0,0.0002
877,0.0001,3543470.0,1.23375,0.494061,schematic,fs,-25.0,0.0001
878,0.0001,2791310.0,1.32479,0.620238,C-decoupled,fs,75.0,0.0001
879,7.5e-05,2286560.0,1.1613,0.592819,C-coupled,sf,100.0,7.5e-05
880,0.000125,3210540.0,1.32905,0.442308,C-decoupled,sf,50.0,0.000125
881,0.00015,3267810.0,1.52177,0.469224,C-coupled,ss,75.0,0.00015
882,0.00025,3915350.0,1.77493,0.388519,C-decoupled,sf,75.0,0.00025
883,0.00025,5e-07,1.62573,0.360099,C-decoupled,fs,-25.0,0.00025
884,0.00015,3998830.0,1.38233,0.425712,full-RC,fs,-25.0,0.00015
885,0.000125,2971440.0,1.42389,0.556617,C-coupled,tt,100.0,0.000125
886,0.00025,3828630.0,1.85714,0.407257,C-decoupled,ss,75.0,0.00025
887,5e-05,1740420.0,1.07012,0.716054,schematic,fs,50.0,5e-05
888,0.0001,2987170.0,1.21506,0.445733,C-coupled,sf,27.0,0.0001
889,0.000225,3919140.0,1.68323,0.414182,C-coupled,tt,50.0,0.000225
890,0.0002,4488680.0,1.55226,0.414834,schematic,fs,0.0,0.0002
891,0.0001,2871510.0,1.34603,0.563803,schematic,ss,100.0,0.0001
892,0.00025,4045270.0,1.79265,0.444678,full-RC,fs,50.0,0.00025
893,0.00015,3806590.0,1.38188,0.406091,C-coupled,tt,0.0,0.00015
894,0.0002,3988000.0,1.60341,0.446192,C-coupled,fs,27.0,0.0002
895,0.0001,2757510.0,1.32215,0.531507,full-RC,ss,75.0,0.0001
896,0.00015,3313210.0,1.45148,0.526269,full-RC,ff,75.0,0.00015
897,0.000125,3815150.0,1.30786,0.374417,C-decoupled,ss,-25.0,0.000125
898,0.000125,3740610.0,1.33554,0.40394,schematic,ss,0.0,0.000125
899,5e-05,1539660.0,1.07943,0.752132,C-coupled,fs,75.0,5e-05
900,0.000225,3762760.0,1.69613,0.46886,C-coupled,ff,75.0,0.000225
901,0.00015,3667020.0,1.45331,0.487492,C-decoupled,fs,27.0,0.00015
902,0.00015,3776290.0,1.35078,0.433937,full-RC,ff,0.0,0.00015
903,0.00025,3802590.0,1.87701,0.459398,C-decoupled,tt,100.0,0.00025
904,0.000175,3334660.0,1.58058,0.533483,full-RC,ff,100.0,0.000175
905,0.00015,3593360.0,1.4185,0.438393,C-coupled,tt,27.0,0.00015
906,5e-05,1588370.0,1.02983,0.762621,schematic,ff,100.0,5e-05
907,5e-05,1888840.0,1.05616,0.644823,schematic,fs,0.0,5e-05
908,0.00015,4119720.0,1.31671,0.32945,schematic,sf,-25.0,0.00015
909,0.000125,3505600.0,1.30661,0.431811,C-coupled,tt,0.0,0.000125
910,0.0002,3653400.0,1.69688,0.432397,C-decoupled,ss,75.0,0.0002
911,0.000225,3712070.0,1.69912,0.399709,C-coupled,sf,75.0,0.000225
912,0.000125,3401540.0,1.33686,0.464975,C-decoupled,tt,27.0,0.000125
913,7.5e-05,2436760.0,1.16337,0.592838,schematic,sf,100.0,7.5e-05
914,0.000125,3527580.0,1.34032,0.484592,full-RC,fs,0.0,0.000125
915,5e-05,1627260.0,1.05501,0.727868,C-decoupled,tt,100.0,5e-05
916,2.5e-05,681773.0,0.893509,0.632647,C-decoupled,tt,-25.0,2.5e-05
917,5e-05,2038190.0,1.0578,0.588626,schematic,ss,27.0,5e-05
918,7.5e-05,2835160.0,1.08657,0.423449,C-coupled,sf,-25.0,7.5e-05
919,0.000125,3554230.0,1.34032,0.484592,C-coupled,fs,0.0,0.000125
920,7.5e-05,2795500.0,1.11844,0.484603,full-RC,tt,-25.0,7.5e-05
921,0.000175,3606580.0,1.53199,0.44519,full-RC,tt,50.0,0.000175
922,0.00015,3959400.0,1.34829,0.376691,C-coupled,tt,-25.0,0.00015
923,0.00015,3495890.0,1.38403,0.390402,full-RC,sf,27.0,0.00015
924,0.00025,3851250.0,1.77084,0.455787,full-RC,ff,75.0,0.00025
925,5e-05,1883010.0,0.99612,0.580577,C-decoupled,ff,-25.0,5e-05
926,0.0001,3364130.0,1.23053,0.406029,C-coupled,ss,-25.0,0.0001
927,5e-05,2040740.0,0.995119,0.520308,C-decoupled,sf,0.0,5e-05
928,7.5e-05,2385710.0,1.14532,0.558172,C-coupled,sf,75.0,7.5e-05
929,0.0002,3546100.0,1.65716,0.457582,full-RC,tt,75.0,0.0002
930,0.0001,2639450.0,1.34722,0.563822,C-coupled,ss,100.0,0.0001
931,0.000175,5e-07,1.38179,0.383105,C-coupled,ff,-25.0,0.000175
932,7.5e-05,2821990.0,1.08657,0.423449,full-RC,sf,-25.0,7.5e-05
933,0.000175,4349260.0,1.44787,0.40378,C-decoupled,fs,-25.0,0.000175
934,0.0001,2825000.0,1.32215,0.531507,C-decoupled,ss,75.0,0.0001
935,0.0002,3809260.0,1.57223,0.454434,full-RC,ff,50.0,0.0002
936,0.00015,5e-07,1.37891,0.35158,C-decoupled,ss,-25.0,0.00015
937,7.5e-05,2407270.0,1.19425,0.65284,schematic,tt,100.0,7.5e-05
938,0.0001,3355410.0,1.20306,0.436154,C-coupled,tt,-25.0,0.0001
939,0.0001,2626290.0,1.28348,0.630819,C-coupled,ff,100.0,0.0001
940,7.5e-05,2576000.0,1.1934,0.644537,schematic,fs,50.0,7.5e-05
941,0.000125,3153490.0,1.42389,0.556617,schematic,tt,100.0,0.000125
942,0.00025,4050910.0,1.77733,0.388597,schematic,sf,75.0,0.00025
943,0.00015,3399390.0,1.41553,0.418046,C-decoupled,sf,50.0,0.00015
944,0.000225,3936770.0,1.67449,0.364819,full-RC,ss,27.0,0.000225
945,2.5e-05,5e-07,0.885961,0.75084,full-RC,tt,50.0,2.5e-05
946,0.0002,4160770.0,1.48452,0.395428,C-coupled,ff,0.0,0.0002
947,0.0002,3475700.0,1.74606,0.532325,full-RC,fs,100.0,0.0002
948,0.00025,3857670.0,1.79617,0.379401,full-RC,ss,50.0,0.00025
949,0.0001,3174280.0,1.25768,0.524884,C-coupled,fs,0.0,0.0001
950,5e-05,1941920.0,1.03388,0.621637,schematic,tt,27.0,5e-05
951,2.5e-05,467526.0,0.883853,0.790766,full-RC,tt,75.0,2.5e-05
952,5e-05,1951430.0,1.02653,0.583055,C-decoupled,tt,0.0,5e-05
953,0.000225,3531720.0,1.83796,0.447218,full-RC,ss,100.0,0.000225
954,0.0002,3387660.0,1.74992,0.461327,C-coupled,ss,100.0,0.0002
955,5e-05,1678590.0,1.06566,0.683127,C-coupled,fs,27.0,5e-05
956,0.000175,3936910.0,1.46185,0.372302,schematic,sf,27.0,0.000175
957,2.5e-05,5e-07,0.893509,0.632647,full-RC,tt,-25.0,2.5e-05
958,5e-05,1661050.0,1.02273,0.725729,schematic,ff,75.0,5e-05
959,0.000125,3043970.0,1.35989,0.556467,full-RC,ff,75.0,0.000125
960,0.00015,3638310.0,1.45033,0.466279,schematic,tt,50.0,0.00015
961,0.0002,5e-07,1.4745,0.342333,full-RC,tt,-25.0,0.0002
962,0.0002,4102000.0,1.53341,0.357643,schematic,sf,27.0,0.0002
963,5e-05,2009540.0,1.01967,0.547798,C-decoupled,tt,-25.0,5e-05
964,0.00015,3668070.0,1.4177,0.418093,schematic,sf,50.0,0.00015
965,0.000225,5e-07,1.49879,0.352868,C-coupled,ff,-25.0,0.000225
966,0.00025,5e-07,1.60859,0.305819,schematic,sf,0.0,0.00025
967,0.000175,3469730.0,1.57396,0.475106,C-decoupled,tt,75.0,0.000175
968,0.000175,4131750.0,1.48732,0.432738,C-decoupled,fs,0.0,0.000175
969,0.00025,4053720.0,1.75432,0.402307,C-decoupled,tt,50.0,0.00025
970,0.000225,3563290.0,1.79427,0.472066,C-coupled,tt,100.0,0.000225
971,5e-05,2079680.0,0.9884,0.484844,C-coupled,sf,-25.0,5e-05
972,0.00015,3509420.0,1.48621,0.49687,schematic,tt,75.0,0.00015
973,7.5e-05,2657650.0,1.16548,0.578146,full-RC,fs,0.0,7.5e-05
974,5e-05,1602490.0,1.07214,0.716065,full-RC,fs,50.0,5e-05
975,0.0001,3421760.0,1.20306,0.436154,C-decoupled,tt,-25.0,0.0001
976,7.5e-05,2850050.0,1.14419,0.452241,full-RC,ss,-25.0,7.5e-05
977,7.5e-05,2500400.0,1.12221,0.58803,full-RC,ff,27.0,7.5e-05
978,0.000225,3918810.0,1.72077,0.457711,full-RC,fs,50.0,0.000225
979,0.0001,3280490.0,1.1706,0.380166,C-coupled,sf,-25.0,0.0001
980,0.000125,3796490.0,1.27878,0.401632,C-decoupled,tt,-25.0,0.000125
981,0.000125,3047550.0,1.39256,0.525027,C-coupled,tt,75.0,0.000125
982,0.000225,3520510.0,1.75618,0.428358,C-coupled,sf,100.0,0.000225
983,0.0001,3176800.0,1.25302,0.43663,full-RC,ss,0.0,0.0001
984,0.00025,5e-07,1.64308,0.346351,C-decoupled,tt,0.0,0.00025
985,0.00025,3829170.0,1.81336,0.430795,C-coupled,tt,75.0,0.00025
986,5e-05,1587610.0,1.05501,0.727868,C-coupled,tt,100.0,5e-05
987,0.0001,2657220.0,1.34722,0.563822,full-RC,ss,100.0,0.0001
988,2.5e-05,489016.0,0.86917,0.703329,C-decoupled,ff,0.0,2.5e-05
989,0.0001,2989000.0,1.28136,0.558775,C-coupled,fs,27.0,0.0001
990,7.5e-05,2497720.0,1.18158,0.613798,C-coupled,fs,27.0,7.5e-05
991,0.00015,3694000.0,1.41808,0.495246,schematic,ff,50.0,0.00015
992,0.000125,3429650.0,1.36308,0.493608,schematic,tt,50.0,0.000125
993,5e-05,1784610.0,1.07348,0.657444,C-decoupled,ss,75.0,5e-05
994,0.000225,5e-07,1.50002,0.352899,schematic,ff,-25.0,0.000225
995,0.0001,2724480.0,1.34722,0.563822,C-decoupled,ss,100.0,0.0001
996,5e-05,1737490.0,1.01615,0.689007,schematic,ff,50.0,5e-05
997,2.5e-05,838900.0,0.862795,0.569252,full-RC,sf,-25.0,2.5e-05
998,5e-05,1651840.0,1.00922,0.655429,full-RC,ff,27.0,5e-05
999,0.000175,3427080.0,1.53724,0.503011,C-coupled,ff,75.0,0.000175
1000,5e-05,1736690.0,1.01546,0.629301,full-RC,sf,75.0,5e-05
1001,0.000175,4057860.0,1.49484,0.41792,schematic,tt,27.0,0.000175
1002,0.000225,4702230.0,1.49879,0.352868,C-decoupled,ff,-25.0,0.000225
1003,0.000225,5e-07,1.56803,0.308289,full-RC,ss,-25.0,0.000225
1004,0.0002,3618480.0,1.69435,0.502722,C-coupled,fs,75.0,0.0002
1005,0.000225,5e-07,1.49739,0.288571,full-RC,sf,-25.0,0.000225
1006,0.000225,5e-07,1.53296,0.329731,schematic,tt,-25.0,0.000225
1007,0.000125,3163740.0,1.35989,0.556467,C-decoupled,ff,75.0,0.000125
1008,0.000175,3538610.0,1.56819,0.419506,C-coupled,ss,50.0,0.000175
1009,0.00015,3633370.0,1.48336,0.439157,schematic,ss,50.0,0.00015
1010,0.000225,4139420.0,1.72189,0.390468,schematic,ss,50.0,0.000225
1011,0.000225,3961670.0,1.5994,0.345404,C-coupled,sf,27.0,0.000225
1012,0.00025,4404060.0,1.64308,0.346351,C-coupled,tt,0.0,0.00025
1013,0.00015,3365590.0,1.48621,0.49687,C-decoupled,tt,75.0,0.00015
1014,0.0001,3319350.0,1.1706,0.380166,full-RC,sf,-25.0,0.0001
1015,5e-05,1801570.0,1.01032,0.655436,schematic,ff,27.0,5e-05
1016,5e-05,1593040.0,1.08523,0.788393,schematic,fs,100.0,5e-05
1017,0.00025,5e-07,1.70237,0.37636,full-RC,tt,27.0,0.00025
1018,0.0002,5e-07,1.55452,0.414895,C-decoupled,fs,0.0,0.0002
1019,0.000225,4172010.0,1.67315,0.431095,C-decoupled,fs,27.0,0.000225
1020,0.000225,5e-07,1.53296,0.329731,C-decoupled,tt,-25.0,0.000225
1021,2.5e-05,646537.0,0.854999,0.688135,full-RC,sf,50.0,2.5e-05
1022,0.0002,3446340.0,1.70844,0.487054,full-RC,tt,100.0,0.0002
1023,0.000225,4234920.0,1.67319,0.36478,schematic,ss,27.0,0.000225
1024,2.5e-05,349833.0,0.859212,0.863811,C-decoupled,ff,100.0,2.5e-05
1025,0.000175,3757170.0,1.53041,0.464524,full-RC,fs,27.0,0.000175
1026,0.000175,3310850.0,1.58058,0.533483,C-coupled,ff,100.0,0.000175
1027,0.000125,3995280.0,1.25143,0.431219,schematic,ff,-25.0,0.000125
1028,0.000125,3422820.0,1.3327,0.52467,schematic,ff,50.0,0.000125
1029,0.00015,3347750.0,1.52445,0.527599,schematic,tt,100.0,0.00015
1030,0.000125,3188860.0,1.33152,0.524651,full-RC,ff,50.0,0.000125
1031,0.00025,5e-07,1.66497,0.335075,full-RC,sf,27.0,0.00025
1032,0.0001,2893900.0,1.2387,0.564913,C-coupled,ff,50.0,0.0001
1033,5e-05,1781380.0,1.05815,0.644834,C-decoupled,fs,0.0,5e-05
1034,5e-05,1917590.0,1.05891,0.588632,C-coupled,ss,27.0,5e-05
1035,0.0002,3406100.0,1.6712,0.442085,full-RC,sf,100.0,0.0002
1036,0.000125,3406120.0,1.27322,0.380778,C-coupled,sf,0.0,0.000125
1037,0.000175,3790610.0,1.56794,0.491932,C-decoupled,fs,50.0,0.000175
1038,0.000175,3465240.0,1.57396,0.475106,full-RC,tt,75.0,0.000175
1039,0.00015,3807070.0,1.41629,0.455152,C-coupled,fs,0.0,0.00015
1040,0.000175,3799200.0,1.45965,0.372251,C-decoupled,sf,27.0,0.000175
1041,0.00015,3720050.0,1.41368,0.38027,full-RC,ss,0.0,0.00015
1042,0.0002,4236180.0,1.60112,0.446127,schematic,fs,27.0,0.0002
1043,0.000175,4316670.0,1.4851,0.432685,schematic,fs,0.0,0.000175
1044,0.0001,3345220.0,1.23053,0.406029,full-RC,ss,-25.0,0.0001
1045,0.000175,4181620.0,1.48442,0.361974,schematic,ss,0.0,0.000175
1046,0.00025,4117900.0,1.81336,0.430795,schematic,tt,75.0,0.00025
1047,0.000175,3629060.0,1.56794,0.491932,full-RC,fs,50.0,0.000175
1048,0.000225,5e-07,1.54604,0.315584,C-coupled,sf,0.0,0.000225
1049,2.5e-05,336918.0,0.9134,0.892069,C-coupled,fs,100.0,2.5e-05
1050,0.000175,3697240.0,1.57396,0.475106,schematic,tt,75.0,0.000175
1051,0.000125,3336780.0,1.36811,0.43648,C-coupled,ss,27.0,0.000125
1052,7.5e-05,2647670.0,1.16548,0.578146,C-coupled,fs,0.0,7.5e-05
1053,2.5e-05,497304.0,0.919839,0.734058,schematic,fs,0.0,2.5e-05
1054,7.5e-05,2459550.0,1.16273,0.584371,C-coupled,tt,50.0,7.5e-05
1055,0.000225,5e-07,1.53296,0.329731,full-RC,tt,-25.0,0.000225
1056,0.00025,3952890.0,1.85221,0.473483,C-decoupled,fs,75.0,0.00025
1057,5e-05,1607950.0,1.01505,0.689001,full-RC,ff,50.0,5e-05
1058,0.00015,3912640.0,1.41629,0.455152,C-decoupled,fs,0.0,0.00015
1059,0.000225,5e-07,1.6188,0.335168,full-RC,ss,0.0,0.000225
1060,0.000225,5e-07,1.56676,0.308255,schematic,ss,-25.0,0.000225
1061,0.00025,3892640.0,1.87701,0.459398,schematic,tt,100.0,0.00025
1062,2.5e-05,773509.0,0.860065,0.608519,full-RC,sf,0.0,2.5e-05
1063,5e-05,1702410.0,1.04734,0.69124,C-decoupled,tt,75.0,5e-05
1064,0.0001,2959650.0,1.32266,0.620215,schematic,fs,75.0,0.0001
1065,2.5e-05,784299.0,0.85918,0.651367,schematic,sf,27.0,2.5e-05
1066,0.00015,3926730.0,1.37891,0.35158,C-coupled,ss,-25.0,0.00015
1067,0.0001,2843070.0,1.2387,0.564913,full-RC,ff,50.0,0.0001
1068,0.000125,3719090.0,1.24571,0.350775,C-decoupled,sf,-25.0,0.000125
1069,0.000125,3160920.0,1.42723,0.57728,C-decoupled,fs,75.0,0.000125
1070,0.00015,3646930.0,1.4185,0.438393,C-decoupled,tt,27.0,0.00015
1071,2.5e-05,593639.0,0.852896,0.768722,schematic,sf,100.0,2.5e-05
1072,0.00025,5e-07,1.62431,0.298411,schematic,ss,-25.0,0.00025
1073,0.0002,3795710.0,1.69558,0.432356,schematic,ss,75.0,0.0002
1074,0.000225,3787260.0,1.7785,0.418773,C-decoupled,ss,75.0,0.000225
1075,2.5e-05,645705.0,0.854999,0.688135,C-coupled,sf,50.0,2.5e-05
1076,0.00025,3645700.0,1.87701,0.459398,full-RC,tt,100.0,0.00025
1077,0.000175,3342260.0,1.61162,0.448837,C-coupled,ss,75.0,0.000175
1078,0.000125,3241900.0,1.42504,0.577241,schematic,fs,75.0,0.000125
1079,0.00025,3674970.0,1.92288,0.435296,C-decoupled,ss,100.0,0.00025
1080,7.5e-05,2625140.0,1.14905,0.553327,C-decoupled,tt,27.0,7.5e-05
1081,2.5e-05,772422.0,0.860065,0.608519,C-coupled,sf,0.0,2.5e-05
1082,2.5e-05,478114.0,0.924366,0.695226,full-RC,fs,-25.0,2.5e-05
1083,5e-05,1472330.0,1.02871,0.762614,full-RC,ff,100.0,5e-05
1084,0.0002,4432500.0,1.44171,0.366522,C-coupled,ff,-25.0,0.0002
1085,0.000225,5e-07,1.56803,0.308289,C-coupled,ss,-25.0,0.000225
1086,0.0001,2716100.0,1.31501,0.596391,C-decoupled,tt,100.0,0.0001
1087,0.00015,3987070.0,1.3146,0.329413,C-decoupled,sf,-25.0,0.00015
1088,0.00025,4775670.0,1.60716,0.369439,schematic,ff,0.0,0.00025
1089,0.0002,4168810.0,1.5187,0.370501,full-RC,tt,0.0,0.0002
1090,0.000125,3515940.0,1.27711,0.461914,full-RC,ff,0.0,0.000125
1091,0.000125,3720630.0,1.31217,0.454619,C-coupled,fs,-25.0,0.000125
1092,0.0002,3629010.0,1.67353,0.442156,schematic,sf,100.0,0.0002
1093,0.000225,3991510.0,1.68323,0.414182,C-decoupled,tt,50.0,0.000225
1094,0.0001,2661450.0,1.28119,0.540842,full-RC,sf,100.0,0.0001
1095,0.000225,4703200.0,1.61636,0.400158,schematic,fs,0.0,0.000225
1096,0.000175,4061040.0,1.45221,0.386339,C-decoupled,tt,0.0,0.000175
1097,0.000125,3213940.0,1.39743,0.546038,C-coupled,fs,50.0,0.000125
1098,0.00015,3863020.0,1.38734,0.466883,schematic,ff,27.0,0.00015
1099,2.5e-05,397840.0,0.863668,0.783243,full-RC,ff,50.0,2.5e-05
1100,2.5e-05,608622.0,0.852795,0.728341,C-decoupled,sf,75.0,2.5e-05
1101,0.000125,3326140.0,1.30625,0.495609,C-coupled,ff,27.0,0.000125
1102,0.00025,4014350.0,1.85577,0.407209,schematic,ss,75.0,0.00025
1103,5e-05,1604150.0,1.07214,0.716065,C-coupled,fs,50.0,5e-05
1104,0.000225,4354370.0,1.61867,0.400226,C-coupled,fs,0.0,0.000225
1105,0.00025,3975700.0,1.71641,0.36051,C-decoupled,sf,50.0,0.00025
1106,7.5e-05,2579010.0,1.20567,0.584054,schematic,ss,75.0,7.5e-05
1107,0.000175,3556710.0,1.5847,0.458668,schematic,sf,100.0,0.000175
1108,0.000125,3730450.0,1.25028,0.431205,full-RC,ff,-25.0,0.000125
1109,5e-05,1918170.0,1.05891,0.588632,full-RC,ss,27.0,5e-05
1110,2.5e-05,366747.0,0.911429,0.892059,schematic,fs,100.0,2.5e-05
1111,0.0002,4070890.0,1.60341,0.446192,C-decoupled,fs,27.0,0.0002
1112,0.00025,5e-07,1.58908,0.319092,C-decoupled,tt,-25.0,0.00025
1113,0.000175,3717970.0,1.53849,0.503043,schematic,ff,75.0,0.000175
1114,0.000225,3753880.0,1.69613,0.46886,full-RC,ff,75.0,0.000225
1115,0.000175,4007060.0,1.5285,0.392796,schematic,ss,27.0,0.000175
1116,0.00015,3181420.0,1.4889,0.479014,C-decoupled,sf,100.0,0.00015
1117,7.5e-05,2811620.0,1.16344,0.578133,schematic,fs,0.0,7.5e-05
1118,0.000225,3696450.0,1.69912,0.399709,full-RC,sf,75.0,0.000225
1119,0.000125,2924350.0,1.3892,0.50521,full-RC,sf,100.0,0.000125
1120,5e-05,1836220.0,1.04022,0.654848,schematic,tt,50.0,5e-05
1121,0.0001,3549660.0,1.17263,0.380188,schematic,sf,-25.0,0.0001
1122,0.000125,3768750.0,1.33819,0.484561,schematic,fs,0.0,0.000125
1123,0.00015,3774630.0,1.34782,0.358444,C-decoupled,sf,0.0,0.00015
1124,0.000125,3475420.0,1.33672,0.403961,full-RC,ss,0.0,0.000125
1125,0.000225,5e-07,1.49879,0.352868,full-RC,ff,-25.0,0.000225
1126,7.5e-05,2961310.0,1.09419,0.518229,schematic,ff,-25.0,7.5e-05
1127,0.000125,3724610.0,1.31217,0.454619,full-RC,fs,-25.0,0.000125
1128,0.000125,3703880.0,1.27878,0.401632,full-RC,tt,-25.0,0.000125
1129,5e-05,1956430.0,1.01048,0.59262,schematic,sf,50.0,5e-05
1130,5e-05,1881530.0,1.07235,0.657437,schematic,ss,75.0,5e-05
1131,0.0002,5e-07,1.44175,0.29965,schematic,sf,-25.0,0.0002
1132,0.00025,4778790.0,1.62573,0.360099,full-RC,fs,-25.0,0.00025
1133,0.0001,2981180.0,1.32096,0.531489,schematic,ss,75.0,0.0001
1134,7.5e-05,2810940.0,1.09308,0.518222,C-decoupled,ff,-25.0,7.5e-05
1135,7.5e-05,2678800.0,1.13317,0.51736,full-RC,tt,0.0,7.5e-05
1136,0.000225,4197400.0,1.64563,0.439456,schematic,ff,50.0,0.000225
1137,0.00015,3532540.0,1.45323,0.448481,schematic,sf,75.0,0.00015
1138,0.0001,3098830.0,1.2774,0.470319,C-decoupled,ss,27.0,0.0001
1139,0.00015,3174760.0,1.56032,0.576645,C-decoupled,fs,100.0,0.00015
1140,0.000225,3837220.0,1.75313,0.498384,schematic,ff,100.0,0.000225
1141,0.000225,3899550.0,1.69613,0.46886,C-decoupled,ff,75.0,0.000225
1142,0.0001,2844830.0,1.29098,0.563656,C-decoupled,tt,75.0,0.0001
1143,2.5e-05,5e-07,0.919143,0.776388,C-coupled,fs,27.0,2.5e-05
1144,5e-05,1721140.0,1.04022,0.654848,C-coupled,tt,50.0,5e-05
1145,7.5e-05,2681430.0,1.12334,0.588037,schematic,ff,27.0,7.5e-05
1146,0.0002,3981770.0,1.56709,0.401473,C-decoupled,tt,27.0,0.0002
1147,0.0001,3275190.0,1.22467,0.467312,C-decoupled,tt,0.0,0.0001
1148,0.000175,5e-07,1.37887,0.312903,full-RC,sf,-25.0,0.000175
1149,0.00025,5e-07,1.6256,0.298448,C-decoupled,ss,-25.0,0.00025
1150,7.5e-05,2270240.0,1.16519,0.688573,C-decoupled,ff,100.0,7.5e-05
1151,7.5e-05,2389830.0,1.20682,0.584064,C-coupled,ss,75.0,7.5e-05
1152,0.0001,3010670.0,1.2774,0.470319,C-coupled,ss,27.0,0.0001
1153,0.0002,3536930.0,1.69688,0.432397,C-coupled,ss,75.0,0.0002
1154,7.5e-05,2919160.0,1.08657,0.423449,C-decoupled,sf,-25.0,7.5e-05
1155,2.5e-05,564831.0,0.873213,0.663804,schematic,ff,-25.0,2.5e-05
1156,0.0002,3852680.0,1.60933,0.428227,C-decoupled,tt,50.0,0.0002
1157,0.00025,4394280.0,1.66731,0.335143,schematic,sf,27.0,0.00025
1158,0.0002,3694660.0,1.57298,0.38393,full-RC,sf,50.0,0.0002
1159,0.00015,3882370.0,1.38188,0.406091,C-decoupled,tt,0.0,0.00015
1160,0.00015,3527450.0,1.4516,0.411859,full-RC,ss,27.0,0.00015
1161,7.5e-05,2283700.0,1.21099,0.678301,C-coupled,fs,75.0,7.5e-05
1162,0.0001,3408140.0,1.22467,0.467312,schematic,tt,0.0,0.0001
1163,0.0001,2889390.0,1.23504,0.475401,C-coupled,sf,50.0,0.0001
1164,7.5e-05,2760670.0,1.15055,0.545652,C-coupled,fs,-25.0,7.5e-05
1165,0.0001,3090940.0,1.29973,0.588042,schematic,fs,50.0,0.0001
1166,0.0001,3224970.0,1.22044,0.534965,schematic,ff,27.0,0.0001
1167,7.5e-05,3048250.0,1.11844,0.484603,schematic,tt,-25.0,7.5e-05
1168,0.000125,3000660.0,1.39004,0.588405,C-decoupled,ff,100.0,0.000125
1169,0.00025,5e-07,1.55355,0.341356,full-RC,ff,-25.0,0.00025
1170,5e-05,1720820.0,1.04022,0.654848,full-RC,tt,50.0,5e-05
1171,0.000225,3511200.0,1.79427,0.472066,full-RC,tt,100.0,0.000225
1172,0.00025,3842340.0,1.92149,0.435244,schematic,ss,100.0,0.00025
1173,0.00025,4511700.0,1.73782,0.418296,schematic,fs,27.0,0.00025
1174,0.00015,3528600.0,1.38403,0.390402,C-coupled,sf,27.0,0.00015
1175,0.0001,3218310.0,1.19194,0.411398,full-RC,sf,0.0,0.0001
1176,0.000175,3414110.0,1.61162,0.448837,C-decoupled,ss,75.0,0.000175
1177,2.5e-05,396984.0,0.863668,0.783243,C-coupled,ff,50.0,2.5e-05
1178,0.000125,3664010.0,1.30786,0.374417,full-RC,ss,-25.0,0.000125
1179,7.5e-05,2291040.0,1.14977,0.653907,C-coupled,ff,75.0,7.5e-05
1180,0.000225,4498200.0,1.49739,0.288571,C-decoupled,sf,-25.0,0.000225
1181,0.0001,3607310.0,1.22938,0.406016,schematic,ss,-25.0,0.0001
1182,0.000125,3393360.0,1.30312,0.41378,C-decoupled,sf,27.0,0.000125
1183,0.000175,5e-07,1.38102,0.312946,schematic,sf,-25.0,0.000175
1184,2.5e-05,362420.0,0.915048,0.852316,C-coupled,fs,75.0,2.5e-05
1185,0.00015,3153300.0,1.48837,0.557393,C-coupled,ff,100.0,0.00015
1186,0.00025,4589910.0,1.68031,0.387879,C-decoupled,fs,0.0,0.00025
1187,0.00025,3588750.0,1.92288,0.435296,full-RC,ss,100.0,0.00025
1188,2.5e-05,875015.0,0.862795,0.569252,C-decoupled,sf,-25.0,2.5e-05
1189,2.5e-05,630455.0,0.908513,0.719266,full-RC,ss,50.0,2.5e-05
1190,0.00015,3807560.0,1.45038,0.411831,schematic,ss,27.0,0.00015
1191,0.0002,4217650.0,1.5187,0.370501,C-decoupled,tt,0.0,0.0002
1192,0.0002,4334950.0,1.48452,0.395428,C-decoupled,ff,0.0,0.0002
1193,0.0001,3232860.0,1.19683,0.500216,C-decoupled,ff,0.0,0.0001
1194,7.5e-05,2496110.0,1.17803,0.618463,schematic,tt,75.0,7.5e-05
1195,0.000175,3442820.0,1.61031,0.521951,C-coupled,fs,75.0,0.000175
1196,0.000175,3888850.0,1.48565,0.362003,C-coupled,ss,0.0,0.000175
1197,5e-05,1518730.0,1.02871,0.762614,C-decoupled,ff,100.0,5e-05
1198,0.0002,3874220.0,1.692,0.502649,schematic,fs,75.0,0.0002
1199,0.00015,3162790.0,1.56032,0.576645,C-coupled,fs,100.0,0.00015
